visit to Asia,tuberculosis,positive X-ray,dyspnoea,bronchitis,lung cancer,smoking
0.075425,-1.105322,-0.261962,-0.545979,0.555289,-1.123098,0.899854
-1.394876,0.769431,-0.820667,-1.143068,-0.924387,-0.741447,0.667621
0.355168,0.967185,-0.872581,-0.804589,-1.50827,0.397712,0.026505
0.417093,-0.145924,0.054547,-0.964358,-1.029369,-0.793663,1.497085
-2.07869,0.922504,0.679446,-1.121008,-0.924819,-1.186256,0.455432
-0.286245,1.188056,-0.067864,0.673142,-0.339061,0.156219,-1.307037
-0.412166,0.87228,0.377097,0.653305,0.60657,0.507048,-0.239247
1.350505,-0.089159,-0.12991,-0.325576,1.033954,0.581164,-1.828187
0.015506,0.041676,0.011359,-0.297397,0.34049,0.348272,-1.260344
0.660171,-0.578745,-0.96167,-0.982853,0.348791,0.153306,-0.255157
-1.340418,0.719488,-1.112941,-0.148722,0.42655,-0.270114,0.207657
0.8649,-0.499873,-0.358908,-0.855227,0.980597,-0.579482,-0.223101
3.158138,-0.985023,-0.984037,0.492448,0.375236,-0.629903,-0.3554
-0.144292,0.737185,-0.239602,0.277627,-0.361488,-0.80425,0.832962
-0.304782,-0.765927,-0.950032,0.306173,0.04723,-0.673065,0.285568
-1.249751,0.844477,-0.982419,-0.44346,0.063441,0.630666,-0.281615
0.917291,-0.148073,1.432184,-0.232068,0.292248,0.869584,-1.075512
-0.459817,-0.291121,-0.878654,-0.51265,-0.22232,0.182704,0.239425
-0.405793,-0.180964,1.461487,-0.719182,-0.490638,-0.946763,0.769592
-0.066938,0.932073,-1.523783,0.474398,-0.265167,0.282546,-1.271785
-0.247351,0.2931,1.623293,-0.304429,0.466409,0.095034,-0.769318
0.68011,-0.468793,0.559525,0.298356,-1.014855,0.032803,1.221278
-0.344211,-0.520556,0.895021,-1.289567,0.020736,-0.755726,0.593668
0.33706,-0.327682,1.033957,-0.833555,-0.505322,-1.216654,0.947208
-0.504304,0.87164,-0.160966,-0.788804,-1.058542,-1.505109,1.646908
1.471566,-0.104441,-0.993076,0.063202,-0.86343,-0.454235,-0.261679
1.105497,-0.191587,0.390115,-0.673316,-1.192478,0.202572,0.932393
0.752848,-0.439102,-0.896934,0.658462,-0.473912,-0.906176,0.699418
2.34484,-0.13968,0.352797,1.211443,0.989284,0.009952,0.304156
-0.243585,-0.505121,-0.05292,-0.732549,0.474648,-0.275699,-1.161029
-0.546963,0.796652,-0.682404,-0.128749,-0.524848,1.163677,-0.075283
-0.017247,-0.89411,-0.814682,0.718927,0.648014,0.635096,-0.54892
0.358987,0.177421,1.020103,0.150389,-0.031874,0.678504,0.57221
-1.691129,1.262286,-0.966038,-0.287933,-0.108677,0.987036,0.294857
-1.281563,0.508357,0.356061,1.025531,1.327179,0.098679,-0.306496
-0.23931,0.244845,-0.631691,0.072269,-0.804909,-1.455657,0.676611
-0.623645,0.406734,-0.630498,-0.64949,0.570123,0.222211,0.511098
0.095764,-0.865786,0.996639,0.701004,0.186181,-1.533535,1.416687
0.990407,-0.440597,-0.217544,-0.389683,-0.466924,-1.048562,0.712197
1.038594,1.028324,1.343732,-1.298112,0.90964,1.172094,-2.103348
-0.829569,0.166723,0.385119,-1.248567,0.384953,0.969253,-0.84514
1.180978,0.421162,-2.123729,0.998436,-0.586675,0.536192,0.811812
0.870667,0.698103,2.048337,0.74201,0.326747,1.125644,1.209113
0.244092,-0.253044,-0.575585,-0.18464,0.982207,0.310931,-0.787096
-0.921042,-0.664923,-1.126286,0.006079,0.598631,0.818828,-0.894524
-0.340234,0.527923,0.009067,1.260483,-0.82881,-0.038006,1.665987
0.006682,-0.195808,0.604812,0.549723,-0.046763,0.460515,0.470904
-0.57789,-0.382489,1.273942,0.059067,0.780978,-0.195849,-0.271698
0.443003,-0.598987,-1.578916,-0.966324,-0.516165,0.827056,-0.210103
1.355125,0.151726,0.340759,0.448285,0.851412,0.847088,-1.288036
0.060156,-0.506318,-1.27758,-0.711291,-0.673782,-0.787342,1.179814
1.016454,-1.231232,1.705112,0.580523,-0.655323,-0.755094,1.652659
0.927978,-0.557813,-1.923861,0.657949,0.132253,0.96766,-1.261737
1.558596,-0.298493,-3.108897,-0.781163,-0.670845,0.888109,0.072148
-0.509532,0.63318,-0.273783,-0.419286,0.532285,0.471904,-1.334056
0.731279,-0.090059,0.06173,-0.482475,-0.575608,-1.205016,1.277372
-0.086159,-0.781715,-1.305246,-0.397174,-0.9665,-1.639343,2.001604
-0.00043,-0.234821,1.117991,0.83569,-0.426954,0.499849,-0.709824
-2.096972,0.183017,0.275034,0.171894,0.455616,0.638256,-2.297159
0.746159,1.084949,-0.053863,0.940104,0.97354,0.136225,-1.208699
1.088742,-0.490419,1.469374,-0.550784,0.186732,0.768089,-0.126845
-0.955568,0.73454,-0.082317,0.840941,0.780986,-1.09107,-0.639537
-1.110591,0.388779,2.144395,1.346799,0.99892,1.423015,-1.565161
-2.222596,0.751953,0.745183,-1.079913,-0.703649,0.209784,0.713581
-0.37975,-1.029449,-0.452367,0.532089,0.688053,0.302932,-0.772112
-1.033599,0.717245,-0.059699,1.102854,-0.573378,-0.582808,1.619567
-2.430114,0.43251,-0.134222,0.90004,0.36414,0.566229,-0.921091
1.52711,-1.404665,-1.129208,0.51064,0.997943,0.968967,-0.956277
-0.703833,0.018917,0.609045,0.431872,-0.872826,-1.078086,0.294308
-0.719067,-0.157214,0.099217,0.219803,-1.121553,1.485505,-0.323035
-1.31347,-0.690033,0.643684,-0.278718,-0.197865,-0.129055,0.431318
1.377481,0.493254,-0.495785,0.278912,-0.264845,-1.484866,0.433448
-0.289035,-1.075183,-1.566153,0.476319,-1.086741,-0.022948,-0.338416
0.004871,1.061518,1.096299,0.504459,0.427405,-0.993133,0.013374
0.444568,-0.474734,1.382671,0.021296,0.540157,1.103077,-0.34741
-0.65433,1.034125,-0.19543,0.356823,-1.243401,-1.388279,2.529324
-2.005854,0.072273,1.235762,-0.704213,-0.725826,-0.340004,0.369408
-0.220898,-0.056983,0.106969,0.204309,-0.511924,-1.264554,-0.569832
-1.240992,0.414626,0.562667,0.676637,0.405972,-0.602042,-0.138462
2.22913,-1.518261,-1.468409,0.529103,0.514741,0.981658,-0.950294
-1.060655,1.017193,-3.355534,-0.262726,-0.360319,0.256798,-0.833543
1.09435,0.283488,0.298499,-0.801807,-0.614363,-1.307642,1.258012
-0.807989,-0.793711,1.649263,-0.601267,-0.13394,-0.203383,-0.118551
-0.023092,0.679269,-0.152425,-0.393305,-0.057163,0.933652,-0.896797
0.248899,-0.205478,-0.13861,-0.938241,-0.809709,0.838096,-0.978121
1.109978,0.854104,-0.212249,1.36576,0.249964,-0.463766,-0.246134
1.106733,0.131783,-1.400575,0.731256,-0.131339,0.128966,0.071112
-0.903085,1.009872,0.426569,1.317901,-1.147611,-0.981097,2.203006
-0.067141,-0.646434,-0.313449,-0.793245,-0.39959,-0.801948,0.700309
-0.60138,0.461126,-1.605549,-0.175547,0.488601,0.496377,-0.267145
1.180887,-0.317569,-1.784324,-1.636742,-1.516546,-0.410819,0.835068
1.250442,-0.961815,2.8e-05,0.643249,-0.611336,0.127783,0.216486
0.35128,0.220054,-0.379559,-0.385058,0.951193,0.857658,-0.183169
1.235904,-0.425841,-1.372595,0.736055,1.271049,1.181784,-1.35374
0.606195,-0.468769,-0.405272,-0.06649,-0.728505,-1.095137,1.310446
-0.082676,-0.608811,-1.392469,1.36433,-1.186168,-0.254109,1.380692
-0.728893,0.513743,0.264961,1.019877,0.460707,0.502012,0.364992
-0.107168,-0.911164,-0.118609,-0.278659,-1.15751,-0.582396,2.152125
-0.65327,-0.240977,-0.379548,0.51027,-0.702148,0.81319,-0.146566
-1.979272,1.341835,1.002357,-0.37176,0.06122,0.21415,0.048843
1.283494,-1.445287,1.291481,0.104793,-0.816233,0.390955,-1.268128
1.558309,-0.491804,0.098933,0.341612,0.686233,-0.099439,0.567463
-0.522191,-0.988047,0.401076,0.678142,-0.034734,-0.807726,1.346
-0.252887,0.124165,-0.087777,-1.028045,-1.267388,0.868677,0.411636
-0.011732,-0.412869,0.250972,-0.827388,-0.776663,0.605015,0.21009
-0.203611,0.129061,0.308863,1.467081,0.249221,-0.111738,-0.841512
0.409964,-0.912953,1.584297,0.398621,0.693065,-0.113586,-0.207784
-0.7671,1.074435,1.052713,-1.081475,-0.890773,-0.199254,0.147212
-0.905402,-1.312926,-0.466757,0.218256,0.18638,-0.302529,-0.227634
-0.06093,0.706446,0.776614,-0.806533,-0.392221,0.781393,0.552232
-0.468103,-0.047875,-1.112124,0.929163,1.510883,0.696701,-2.153052
0.65817,0.722093,0.754449,0.268298,-0.732076,-0.696026,1.202302
-1.368428,0.540477,0.238252,0.399845,0.911721,-1.469859,1.490309
0.551155,-0.157685,0.790411,0.822315,0.499874,-1.417621,0.35652
-0.418837,-0.142963,-0.39881,0.044077,-0.453163,0.316513,0.329611
0.620981,-0.128493,-0.68891,0.128745,0.507905,0.082892,-0.449318
0.250483,0.435467,-1.191654,0.80754,0.28037,-0.529283,0.755205
1.467283,0.173516,1.279491,-0.30905,-0.190599,0.360217,0.852887
1.1148,-0.593342,-0.931066,0.124107,1.018603,0.225931,-0.532165
0.389447,-1.36042,0.279959,-0.493097,-0.94079,-0.406033,1.100222
0.775989,-0.563017,-0.820945,0.949357,-0.514514,-0.040467,1.106683
-0.35143,0.551278,1.460503,0.645534,0.537184,0.585333,-0.241049
-1.477295,-0.351469,0.191875,0.209967,0.945658,0.059424,-0.446401
-0.659941,1.341114,-0.295376,0.707839,-0.268425,-1.071944,0.851459
0.300102,-0.324147,0.519835,0.623005,-0.16847,0.566645,0.515735
-1.34674,1.111806,1.841451,0.674667,-0.692374,-0.667427,2.327952
1.080584,-0.226391,1.431564,0.296118,-0.220781,-0.690102,0.289589
0.046396,-0.765594,-0.125214,0.228435,-0.914922,0.051932,0.658123
-1.28991,0.663784,-0.008457,0.335704,0.235196,-0.353004,-0.396064
0.102713,-0.875801,-1.421206,0.181092,0.513444,0.611836,-1.728786
-0.574616,0.5929,0.703197,-0.368768,-0.44777,-1.527762,1.569141
1.814796,-0.885965,2.054236,0.956664,0.221674,-0.541058,-0.220454
-0.40944,-0.653719,-0.577222,-0.304763,-0.073172,-1.294313,0.753393
0.508282,-0.798623,-1.599286,-1.651755,-0.878897,-0.417654,1.26177
0.131832,1.038206,0.416887,0.092445,-0.704244,-0.998948,1.270637
-1.000083,-1.045495,-0.536113,0.649847,-0.019748,-0.574699,-0.929408
1.129073,0.05771,0.508641,-0.819803,-1.348324,0.00738,0.610723
1.315813,-0.459292,-0.340446,1.245969,1.102876,-1.097348,-0.359131
0.612803,0.803557,-1.632432,0.737106,0.814786,1.008491,0.076368
0.411983,-0.991929,0.86819,-0.76462,-0.275711,-0.830958,1.284397
-1.030416,0.700402,-0.548403,0.07106,-0.776026,-0.439601,-0.221099
0.666666,-0.132223,2.062287,-0.905061,-0.949539,0.175982,0.086489
1.133967,-1.150594,0.649918,0.000281,1.246176,0.94184,-0.909571
0.462601,1.082761,0.354195,0.460108,0.959006,-0.926166,-0.19273
-1.766173,-0.224199,2.324805,0.554739,-0.368217,-1.455537,1.69884
-0.437615,-0.004374,0.70246,0.01654,-0.861266,-0.484496,0.018842
-0.06197,-0.065895,-1.585675,0.236538,0.305789,-1.051214,0.224761
-0.38129,0.367918,-0.16958,-0.773206,-1.405339,0.237547,0.063475
1.068292,-0.335083,0.406255,0.673438,1.173016,0.215104,-0.466888
0.755474,-0.061533,2.101608,0.821352,1.346642,-0.561998,-0.466602
-1.500977,-0.302139,1.545545,0.318062,1.143015,0.115341,-0.196164
-1.01424,0.730944,-0.0827,0.3222,-0.602064,0.53573,0.021456
-1.325994,0.499237,-0.294976,-1.678575,-0.275523,-0.761916,0.41803
0.056379,0.461626,-1.981019,0.211429,0.472099,-0.599464,0.46356
0.35812,-0.533702,-0.734546,-1.035885,-0.07126,0.809903,0.349021
-1.436975,0.023771,-0.462509,0.631349,-0.768236,-0.822171,1.068826
1.393589,-0.434436,-0.151023,0.134033,-0.356991,0.347263,-0.143981
1.56351,-0.229743,-0.006051,0.288766,-0.279425,0.991292,-1.616844
-0.759237,0.660706,1.973695,-0.396299,0.275107,-0.103599,-0.515391
0.56512,-0.989979,0.126435,-0.196092,0.506169,-0.426084,0.029942
-1.426104,0.409652,0.217093,-0.595198,-0.177481,-0.949463,0.258235
0.507948,-0.966493,0.564527,0.025099,-1.103941,-0.120768,0.713599
-0.297623,-0.385679,-0.872866,0.221625,0.521551,-0.521292,0.496021
-0.25312,-1.09491,1.248953,0.223154,0.326384,-0.347928,-1.455376
-0.349223,0.842737,0.496279,-0.000459,0.162935,0.423534,-0.035329
0.466897,0.507299,0.119979,1.65512,-0.471811,0.338837,0.332881
0.022144,-1.197416,1.117031,-0.964968,-0.564023,-0.389145,0.374684
0.873365,-1.384384,0.849112,-0.395886,-0.353643,-1.147939,0.579776
0.853532,0.680443,0.631176,-0.081584,1.065599,1.310988,-3.384021
1.287599,-0.4363,-0.557741,-0.057555,0.903627,0.786159,-0.307064
0.347166,-0.740996,-0.420457,-0.888249,-0.334879,-0.992455,1.605352
0.878435,0.622734,1.267457,-0.379866,-0.199805,-0.510645,0.415342
1.18729,1.335525,-1.279302,1.246428,0.899618,0.262285,0.508771
-0.985491,0.25564,1.177204,-0.207386,-0.120146,-0.742063,0.171733
0.523855,-0.009022,-0.230306,0.686568,-0.403709,-0.022601,-0.63206
1.017725,0.374452,0.125398,0.201138,0.380263,0.407044,-0.582334
-0.959983,0.495494,0.995124,0.683246,0.119855,0.126701,-0.231447
-0.130135,0.83696,-1.767409,0.408485,0.461874,0.539291,-0.698581
-1.362049,0.510957,-1.367099,0.285414,0.542293,1.003305,-1.501125
0.937909,-0.623604,-0.111178,0.148609,1.079676,1.15145,-2.043248
1.780124,-0.288411,0.542012,1.614197,1.037142,-0.211082,-0.313602
-0.015727,0.63709,-0.755974,0.782166,-0.915486,-0.539593,0.670646
-1.288081,0.13066,-0.261985,0.381513,0.374298,0.042708,-0.55526
0.045186,-0.067862,0.930269,0.816233,0.413622,1.001333,-0.983365
-0.410154,0.432763,2.090763,0.671188,1.112438,1.026933,-3.195368
0.856987,-0.203957,-1.572992,-0.319107,1.201874,-0.273307,0.336372
-0.92176,0.825445,-1.339171,0.277896,0.295441,0.817295,-1.198052
-0.153279,-0.113073,-0.662171,1.053267,0.749273,0.910896,-1.214534
0.400518,-1.296622,-0.439242,-0.008614,1.453103,1.087793,-1.987512
1.061317,-0.678161,-1.731689,1.031099,-0.494274,-1.376901,0.510796
0.197779,-0.173422,-0.461287,0.132061,0.57515,0.196099,0.803664
1.854674,-0.823911,-0.012909,-0.509032,-0.327692,-1.244123,1.278641
1.074707,-0.293269,-0.992993,0.582732,0.211314,0.843362,-0.335521
-0.437076,-0.431567,0.909994,-0.692448,0.066571,0.257461,-0.802014
0.582089,-0.71456,-1.134798,0.915125,-0.910851,-1.005221,0.468332
1.26214,0.197116,-0.124322,0.894125,1.067189,0.044269,-0.913181
-0.937742,-0.043684,-0.11522,-0.330964,-0.677406,-0.435505,1.349852
-0.153466,0.714403,0.100331,-1.322506,-1.014624,-0.240282,0.487323
1.533037,-0.082078,0.74536,-0.756024,0.991019,1.475731,-1.444863
-0.327921,-0.756891,1.053542,-0.90965,-0.281768,-1.449057,0.249038
-0.016841,-0.163398,0.184614,1.13986,-0.498174,-0.240125,1.230026
-0.016037,-0.657515,0.616543,0.518276,0.652213,0.564388,-1.094466
-1.328945,-0.553341,-0.851501,-0.013377,1.016332,0.632523,-0.089178
0.405932,-0.147569,-1.779476,0.88314,0.793036,1.22469,-0.853367
-0.443552,-0.89145,-1.359926,0.94355,0.64768,0.954713,-1.546768
1.376079,-0.912816,1.504895,-0.853811,0.625646,0.46433,-0.853588
-1.146071,0.014618,0.153615,-0.480836,1.107184,-0.191061,-0.394645
0.184179,0.479413,-0.032424,-0.727515,0.252397,-0.958313,1.668491
-0.517621,-0.012061,1.575889,0.598364,0.923777,-0.684544,-0.324275
0.127547,0.585681,1.337716,-0.816079,-1.147449,0.452919,1.046397
-0.611077,0.86404,0.29436,-0.888209,-1.151905,-0.622248,1.533956
1.830953,-0.040191,-1.352935,-0.732515,-1.40686,-0.040912,0.314785
-0.220959,-0.749711,-0.294805,0.031148,0.795677,-0.785095,-0.393335
0.139621,-0.245276,-2.516113,-0.87311,1.353492,1.261126,-2.443671
0.320676,1.075622,0.938851,-0.613229,-0.367189,-1.318827,0.786553
-0.248551,-0.683429,-2.059859,-0.005847,-0.074779,0.023446,-0.339835
-0.150863,1.12573,0.832363,-1.144241,0.308322,0.197531,-0.095121
-1.559798,0.61856,0.442523,0.418427,-0.992035,0.074711,0.826947
-0.646193,-0.138805,0.040384,-0.352769,-0.140623,-0.249087,0.469152
0.652815,-0.385311,0.08903,1.072582,0.513005,-0.328866,-0.671126
-1.130259,1.240725,3.518427,-0.009034,0.172075,0.890474,-1.177309
0.904246,-0.338402,0.268437,-0.296828,0.319992,0.685146,-0.657467
-0.254259,-1.006259,-1.69438,-1.369898,0.065527,0.893301,-0.719559
0.864336,0.764734,-0.627195,-0.537801,-0.539194,-0.942223,1.297362
1.126998,-1.032956,-0.082849,0.370306,0.642908,0.577821,0.470626
-0.209613,-0.419293,0.097837,-0.650498,0.975425,0.026479,-1.798857
-0.897011,-0.327906,1.184352,0.106783,0.099284,0.109295,-0.171531
-0.22412,1.131516,-1.907307,1.395161,0.741218,0.860844,-2.04078
-1.413651,1.059412,2.231434,-1.167625,-0.915554,-0.940407,2.045496
-0.971341,0.693727,0.644067,-0.924913,0.218187,-0.984906,-0.937859
1.83209,-0.325022,-0.765231,-0.59569,-1.07016,-0.136361,1.818162
-0.448544,0.404495,0.15246,-0.024779,-0.457935,0.471663,0.888204
-0.495176,0.530358,-0.843734,0.623973,-0.470872,-0.89905,0.862164
0.995051,-0.776245,-0.153473,0.593746,-0.110541,-1.28464,1.292147
-0.637973,0.442605,0.238347,0.227285,0.175814,0.484069,-1.639811
1.005314,-0.0677,0.314332,0.369636,-0.541077,-0.704664,1.180786
-0.359919,0.219398,-0.422869,0.410785,0.494611,-0.827699,0.036847
1.386951,-0.241296,-2.400345,-0.852755,1.407334,1.222711,-1.394931
-0.617085,0.619485,0.101351,-0.544362,-0.310592,-1.123595,1.428428
-1.341478,-0.41306,-0.956948,-0.767711,0.231075,0.256013,0.956052
2.027426,-1.051745,-1.144241,1.115436,-0.542212,0.36243,0.335562
0.095844,0.71139,1.085047,1.349632,0.614724,0.02396,0.752628
0.086415,0.273341,-0.117538,-0.793296,-0.274631,-0.306907,0.168941
0.621558,0.398546,-0.785729,1.056532,1.619445,1.094552,-0.942776
0.088465,1.212279,1.150756,-0.261117,-0.362803,-0.163846,0.643443
0.543541,0.77608,-0.742409,0.543429,-0.042069,0.038828,0.925805
-0.885143,-0.131101,-0.870241,-0.452891,0.397087,0.373159,-0.020241
-0.942786,0.515676,-0.270093,0.122415,-0.495969,-0.610574,0.430759
-1.014165,-0.741511,-0.034924,0.430272,0.817611,0.210999,-0.955048
0.593179,-0.154702,-1.310041,-0.450199,-1.000525,0.295496,0.825164
1.012309,-1.963173,0.361403,-0.178777,-1.451186,-0.882836,1.867756
-0.149395,1.221096,-0.231308,0.423209,-0.584563,0.019068,1.478477
2.050557,-0.557931,-0.097938,-0.978808,-0.803323,0.223186,0.182562
-0.47402,0.25118,0.140914,-0.135273,-0.418844,0.143246,-0.663772
0.297187,-0.540146,0.642847,0.2141,0.608654,-0.296084,0.430984
0.763139,-0.619103,-1.174272,-1.036058,-0.517138,-1.349691,0.542714
0.146309,0.254231,0.182939,0.618322,-0.156831,0.937374,-1.478998
0.182674,-0.234313,0.140553,-0.284607,-0.980596,0.641044,0.274739
1.137773,-0.22347,-1.307437,0.658163,1.185707,-0.071248,-1.292875
0.552285,-0.34714,0.263471,0.576895,1.011811,0.079443,-0.561817
-1.362605,0.68584,0.236195,0.702656,-0.227903,0.64066,0.005427
-0.319831,0.621092,-0.790411,0.712477,-0.510567,0.41423,-0.451423
0.789252,-0.798892,-1.147137,-0.766207,-0.685285,0.95189,-0.769431
1.418265,0.825545,1.471341,0.144697,-0.54048,-0.727151,2.221293
0.474966,-0.775766,0.264876,1.089494,0.531606,0.467437,-0.538015
-1.956634,0.041624,-1.310601,0.172036,-0.422343,1.358585,0.027763
0.462785,0.810213,-1.610797,-0.545082,-0.323881,-1.162898,0.456779
0.344581,0.636705,0.846061,1.022194,0.372093,0.693486,-0.801049
-0.673714,-0.175718,-0.938109,-0.61605,0.819152,0.332385,-0.495142
-0.081035,1.144477,0.511148,0.496158,1.029336,0.744211,-1.010354
0.938706,0.730234,-0.275294,-0.253514,-0.267961,-0.574298,-0.308629
-1.30483,0.80054,-1.844078,-0.910911,1.027917,1.439087,-1.135282
0.769196,-0.003749,0.739694,-0.372254,0.455229,0.286886,-0.884085
1.934144,-1.316478,1.564337,0.722559,0.842009,0.302498,-1.195237
0.009132,0.843317,1.229071,1.107905,1.080656,-0.27619,-0.914152
-0.857468,-0.13273,0.361782,0.132011,1.446883,0.95526,-1.072947
-1.396856,0.534369,-0.299932,0.577612,-0.496463,0.049628,0.844729
-0.078665,-0.007044,0.18955,0.962806,0.634609,0.534303,-0.443934
-0.478876,0.94328,-0.468899,-0.455226,-1.208296,1.122101,0.06147
-0.147617,-0.564631,-0.195042,-1.239843,-0.165644,-0.331087,0.264604
1.632258,-0.448674,0.989879,0.760336,1.311333,0.827111,-0.274953
0.045553,-0.152713,-0.151872,0.992841,-1.253904,-0.881686,0.677178
0.608855,0.18078,-1.732029,-0.697434,-1.288366,0.76461,-1.048204
0.773692,-1.596031,-1.820527,1.134358,-0.255266,-0.686773,0.412569
1.342415,0.521,-0.604958,-0.010951,-0.853424,-0.755508,0.86926
0.213076,0.852142,-1.515392,0.014039,0.07615,0.645608,-0.839347
1.013021,0.790883,0.580512,0.62421,-0.269909,-0.411291,-0.125342
-0.52367,-1.064732,-1.833801,-0.593368,-0.563805,-0.281014,0.438966
0.397394,0.468241,-0.859996,0.204406,-1.169478,-1.011213,-0.354044
0.643186,-0.206179,0.494307,0.922871,0.065965,-0.190887,1.274812
1.418567,-0.491688,0.687918,-0.13202,1.940303,0.360827,-0.978916
0.512882,-0.696665,-1.287184,-0.428335,0.955156,1.090651,-2.199615
0.706932,-0.81844,1.411845,0.470125,-0.683353,0.226698,-0.40848
1.424982,-0.938851,-0.973953,0.241618,-0.58117,0.710179,0.07799
-0.303668,-0.113216,-0.485296,1.008593,1.231699,0.200488,-1.673792
-0.431429,0.23152,1.263797,-0.060138,-0.02454,-0.631991,0.198798
-1.49469,0.646972,-1.142769,-0.328036,-0.270952,0.451909,-0.436718
-0.777282,1.667799,1.109954,-0.116576,0.980178,0.577755,-1.29957
1.128629,1.142568,-0.148488,0.690334,1.036422,0.698276,-0.152322
0.051718,0.037232,-1.141569,-0.990756,-1.008085,0.074138,0.691543
2.959534,-0.726541,-0.028791,0.994983,0.127075,0.069518,0.313521
1.334118,-0.087863,0.345526,0.430643,-1.09815,1.345461,-0.226584
-0.210861,0.900034,2.223216,-0.66306,-0.715011,0.148832,0.190749
-0.603482,0.456864,0.139478,-0.932886,-1.208246,-0.493814,1.213549
-0.193477,-0.593419,-0.231658,0.786424,0.408314,0.688014,0.174457
-0.796771,-1.201982,0.540878,-0.631472,0.261771,1.371602,-0.448146
-1.18556,1.277021,-0.586263,0.634743,0.954447,0.466734,0.258196
-0.942687,0.239715,-0.818226,-0.623571,1.183644,0.048049,-1.187106
1.750867,-0.352103,-0.391889,-0.902308,0.039056,0.854979,-0.5274
-1.146783,1.174232,0.782145,-0.459411,0.708381,1.196846,-0.913609
1.727123,-0.814803,-1.723277,-0.961153,-0.955647,-1.456207,1.301519
-0.418902,-0.124929,-0.355392,-0.337787,0.05047,-0.040091,0.248645
2.32406,-0.344947,0.18409,0.443239,0.476602,-0.115006,-0.174504
-0.364761,0.127454,-0.647936,-0.133444,0.60762,-0.639319,-0.117137
1.623597,-1.031503,0.159953,1.321391,-0.914034,0.012608,1.540368
-0.961238,0.355963,-0.91517,0.135095,1.462624,0.699576,-0.432657
-0.028483,-0.59064,0.820339,0.465921,1.303674,0.429427,-1.80149
0.895563,-0.24461,-1.056362,-1.037771,-0.206286,1.645527,0.079288
-0.206541,-0.35922,-1.032394,0.583106,-0.740164,0.048341,0.011368
0.732683,-0.349437,0.012984,-0.447291,0.692032,1.205556,-2.448641
-0.158352,0.689013,0.978064,-0.383711,0.548247,-0.594495,-0.026943
1.085724,1.360275,0.028477,-0.327578,1.208269,0.556885,-0.868211
-0.233425,0.808986,0.156979,-1.177479,0.314083,-0.082659,-0.114828
0.202604,-0.596298,-0.033035,1.36314,0.276001,0.459039,0.004245
1.416819,-0.00328,-0.878761,-1.070001,-0.739699,-0.62659,0.417701
0.455091,0.355585,-1.468723,0.150836,0.022809,-0.252671,0.859851
0.6178,0.104808,-0.41299,-0.843541,-1.018752,0.714181,0.259234
0.235186,-0.699017,-0.943042,0.376866,-0.500344,-0.007196,-0.403604
-0.65208,0.275039,-0.833,0.322728,0.993199,-0.328917,-0.026001
-1.8981,1.598122,-1.269944,0.409282,0.445529,-0.968581,0.685134
-2.012416,0.483623,1.104739,0.592193,0.279702,1.048445,-1.957182
-1.750858,0.84755,-0.120846,0.035031,-0.615055,-0.387856,0.656481
-0.427857,0.58165,0.649103,0.675624,0.593862,0.742804,-0.620862
-1.702268,0.69365,0.605596,0.220451,-0.747724,-0.763963,1.73087
-0.354958,-0.037319,-0.302761,-0.500055,-0.00252,1.286698,-1.047882
1.192669,0.754323,0.933636,-1.478655,-0.070499,0.005123,-0.502909
0.607945,-2.018955,1.825836,-0.588111,-0.096693,-0.825705,1.256059
0.318176,0.127595,0.27763,0.215346,0.955813,-0.212519,-0.320081
-0.249039,-0.391931,-1.371481,0.459789,0.971162,0.73392,-0.637861
-0.713481,0.902662,-1.012031,0.32413,0.216911,-0.80248,-0.311997
0.037217,-0.515043,0.844034,-0.048264,0.428742,-0.944135,-0.589962
0.643096,-0.115458,0.189181,-0.14479,-0.6674,0.196511,0.421921
1.544132,-0.505143,0.025783,0.751465,-0.25497,1.044722,-0.431373
0.390578,-0.286664,1.558984,1.469215,0.806714,0.873568,0.184469
0.477248,-0.899074,1.746642,0.392399,0.99714,1.168091,-0.649629
1.329777,-0.012985,-0.693131,-1.561991,-0.533236,-0.25552,-0.056305
-0.911724,0.953823,1.591162,-0.271089,-1.055561,-0.494052,0.142635
1.640398,0.055697,-0.677205,0.413579,-0.535448,-0.086984,1.647983
0.921002,0.589149,1.628515,-0.368075,-0.864594,0.136628,0.168742
-0.938413,0.496093,-0.883176,0.078522,-0.51444,0.372873,0.52226
0.903414,0.249706,0.891215,-0.736603,-0.311918,-0.378359,0.401424
-0.401949,-0.125665,0.484674,0.168107,-0.067449,0.967271,-1.157983
-1.389469,-0.558487,1.960294,0.86712,0.63275,-0.408815,-1.818776
1.170102,0.941875,-0.398583,-0.96895,0.139168,0.965321,-1.145621
0.869286,-0.303134,0.769252,-0.017243,0.634119,-0.448473,0.176127
0.732574,0.778164,-0.105828,0.004938,-0.805697,-1.200056,1.939813
0.854363,0.029274,-1.130633,-0.357968,0.941841,0.929373,-0.891931
-0.18512,-0.117883,-0.571234,-1.347579,-0.023622,-0.838207,0.585671
0.73953,-0.161363,-0.552738,1.342587,-0.590331,-0.100444,1.087566
-0.128144,-0.18142,-0.747442,0.593392,0.894467,0.872685,-0.74683
1.521769,-0.37668,0.030564,-0.02338,-0.120095,0.179141,-0.906509
-0.698048,1.234929,0.288439,-0.203182,0.181381,-0.926792,-0.806348
0.097401,-0.836085,-1.157616,0.765332,-0.521016,0.125547,-0.054715
-0.701066,0.51581,0.519175,-0.5034,-1.131265,-1.090381,1.704973
-0.404079,0.236615,0.419666,0.969329,0.994054,-0.265092,-0.776754
-0.212713,-0.324204,0.847781,0.909181,0.988621,0.14676,-1.390417
-0.791477,0.720816,-0.226561,1.303843,0.819485,0.136553,-0.474042
-0.718031,0.536411,-0.131684,-0.800237,-0.918589,-0.457295,0.951875
-0.395997,0.448198,-0.818958,-0.990104,-1.137575,-0.526079,0.642068
0.007233,0.684049,-0.809244,0.215126,0.328664,-0.012793,0.23409
-0.21781,0.931634,1.417847,-0.42224,-0.340709,0.562715,-0.510162
0.350722,-0.138017,-0.302401,0.229694,-0.213826,-0.199256,0.266173
0.478193,0.937139,-0.644162,0.562608,1.553295,1.342067,-3.135399
-0.939666,0.397886,0.41099,-0.532662,0.850108,1.050758,-0.047255
0.388455,-0.124347,0.682246,0.746621,0.302022,-1.163009,0.054476
-2.355798,0.049006,2.146922,0.887053,-0.227205,-0.965708,0.958781
-0.281745,0.530844,0.931699,-0.980365,-0.244682,-0.741707,1.2919
0.262371,-0.605512,-0.02412,-0.630263,-0.413655,-0.310782,0.389568
-0.239818,0.567497,-0.993523,-1.42658,-0.786712,-1.276298,-0.094817
-1.198536,-0.534323,-0.741196,0.128127,-0.569462,-0.449497,1.09071
1.361885,-0.371029,-0.196483,-1.140501,-0.42636,-0.818527,0.652736
-0.412963,-0.117035,1.840617,0.097175,1.043642,0.671433,-0.396873
0.345479,0.921027,-0.83726,0.050557,0.860259,0.925396,-1.13827
-0.162313,-0.054299,-2.224152,0.314022,0.625502,0.860444,-0.241338
-0.480228,-0.282208,0.39936,-1.007291,-0.977943,-0.525005,1.463978
-0.694032,0.653485,-0.351804,0.415983,0.681825,0.437167,-0.618228
-1.122911,0.439812,0.146369,0.507897,1.347532,0.376213,-0.146132
0.259706,-0.609909,1.869781,-0.425019,-0.701019,-0.427709,1.244528
-1.877513,0.525588,0.030502,-1.072618,-1.083377,-0.934078,1.558712
-1.377283,-0.4934,-1.385548,-0.774146,-0.388689,-0.326262,0.150753
-0.323738,0.293055,-0.393613,-0.636917,-0.128576,0.082329,-0.390583
-0.115597,-0.588536,0.205182,-0.977867,-0.335544,-0.879094,0.374101
0.075882,0.131212,-2.356018,0.855304,1.334423,1.17247,-0.563965
1.463285,-0.849756,1.286442,0.977937,-0.208271,-0.27225,0.221913
0.23446,-0.310441,0.153298,0.407326,-0.682489,0.213849,0.582228
-0.046925,1.033089,0.63005,0.099988,-0.423978,0.179145,-0.629768
0.797243,-0.332464,0.202536,-0.297521,-0.365964,-0.183356,-0.262458
-0.714923,0.341316,-0.368775,-0.735208,-0.847778,-0.333813,-0.035537
0.268901,0.478982,-0.876289,0.649554,-0.836588,-0.515136,1.583088
-0.040057,0.907171,-2.224636,-0.422534,-0.958008,0.658431,-0.572138
-0.695801,-0.907293,-0.422331,-0.665585,-1.119724,-0.310475,0.280777
0.151561,-1.514551,-0.838783,0.735377,-0.360355,-0.887097,0.632474
-0.510055,-0.097337,1.422466,0.211617,0.785777,-0.804597,0.105385
-0.211227,-0.589852,-0.931893,-0.176472,0.56412,1.084204,-1.239268
-0.897111,0.714027,-0.654171,0.539645,-0.485029,-0.293121,0.458135
0.014235,0.432242,-0.540525,-0.796003,-0.606662,-1.028391,2.136842
0.480853,-0.102233,1.713018,0.707289,0.880238,-0.109035,0.11817
0.487521,0.709156,0.574281,-0.259535,-0.46713,0.837919,0.044284
-0.681145,1.037521,0.766047,0.174115,1.054923,0.670763,-0.023724
1.99681,-0.312133,0.548089,0.223348,0.098689,-0.026889,0.076283
-0.434894,0.057378,1.95571,-1.159114,-0.804629,-1.111988,2.282727
1.51298,-1.189385,0.083939,0.734937,0.6196,1.181813,-1.693009
-0.455779,-0.798207,0.115041,0.504165,-0.633586,-0.691348,0.208643
-0.303187,0.384247,-0.430749,0.536672,-0.340635,0.702377,-0.564775
0.077379,0.013154,-0.548212,-0.570837,-0.02308,-0.060231,0.004228
0.669089,0.20937,-1.386298,-0.479848,-0.229264,-1.087192,2.213618
1.150761,-0.885765,0.607134,0.084819,-1.254165,0.787639,0.323753
2.292436,-1.227374,-1.006225,-0.146747,-1.28987,0.218272,1.973654
-0.843932,0.81598,-0.081296,0.370429,-0.808071,0.110438,0.032585
-0.076832,1.275569,-0.810455,-0.424669,-1.397526,0.009157,0.453631
0.995816,0.355262,-0.819236,-0.727642,-0.82597,-1.208781,1.054011
1.082245,0.194474,-0.066771,-0.500987,-0.725355,-0.297686,1.019358
-0.053866,-0.527639,0.567032,-0.516763,-0.02992,-0.75834,0.695662
1.860127,-0.822883,-1.010206,0.12763,0.314748,-0.330379,-0.581202
0.80326,-1.017542,-1.358075,-0.756844,-0.358487,-0.839491,1.098189
0.458819,0.305584,0.280963,0.478354,0.083721,0.825396,0.317339
0.542038,0.111493,0.314244,0.480723,0.484478,0.897772,-2.238353
1.274706,-0.139266,2.547844,-0.471413,-0.629683,-0.373448,-0.529396
-0.695292,-0.20427,-0.29913,0.991742,0.613713,-0.946153,-0.201479
0.789601,-0.845085,-0.966999,0.504392,1.40037,0.387917,-0.815448
0.479993,-0.186393,0.368514,1.483671,0.838722,-0.362077,-1.238068
-1.117653,-0.3533,0.979253,0.187268,1.29924,0.077742,-1.217979
1.223121,-0.650107,-1.78677,-0.038218,-0.856347,0.303291,0.418169
3.133581,-0.680253,1.426415,0.358516,-0.461526,0.496723,-0.756979
0.181839,0.107282,0.969437,1.013386,-0.470306,-1.303374,1.01898
0.161466,0.901976,0.732044,0.405005,0.95586,-0.228677,-1.245965
-0.179337,-0.684793,-0.877701,-0.101226,-0.419525,1.029227,-0.537691
0.100972,-0.523301,-0.437951,0.802651,0.103293,-0.095569,0.102015
-1.384917,0.885806,0.369508,-0.515356,-1.46721,0.177656,0.479163
0.188878,0.364869,-1.096324,-1.31012,-1.360441,-1.156571,0.241978
0.287574,-0.351693,-2.010306,-0.244164,-0.686446,-0.314446,0.772301
1.058576,-1.080774,1.088989,0.228071,0.124014,-0.928411,0.805543
-1.062673,0.726757,0.323021,-0.091648,-1.644016,-1.054515,1.675672
-0.275777,-0.564394,-0.265723,-0.232774,-0.449768,-1.278253,0.41717
0.922624,-0.748903,0.214139,0.71849,0.611569,0.000822,0.323546
-0.004494,-0.803915,0.560469,0.061034,-0.659086,-0.578528,0.832346
1.827119,-0.899114,0.810875,-1.108673,0.594305,0.81283,-0.752627
0.074099,0.350509,1.245278,0.537833,-0.087667,-0.768013,1.334221
1.1727,-0.691585,-1.650473,-0.417356,-0.066199,0.881773,0.371527
-0.663075,0.35098,-0.491682,0.875736,0.236281,-0.950427,1.146269
0.047095,1.337212,-0.502331,0.195181,0.104296,0.218115,0.311619
0.661937,-0.759755,-0.471488,0.812215,1.285451,0.945075,-0.211668
-0.921582,0.009701,-0.350334,0.359969,0.014763,1.037064,-0.450178
1.029422,-0.100803,0.216514,0.322521,1.1322,1.138005,-1.313661
-0.709098,-0.080798,0.996864,-0.339519,1.102532,1.124664,-1.600921
1.277709,-0.181485,0.806646,0.657144,0.53619,0.26888,-0.093057
0.506039,-0.415323,0.342775,-0.8544,0.055061,0.958191,0.453363
0.689454,-0.015089,1.255217,0.876644,-0.252261,-0.982578,0.769232
0.116189,-0.005338,0.647854,-0.3751,0.92558,0.234422,0.239217
-0.128007,-0.151408,0.977946,-0.341221,-1.408785,-0.130455,0.413851
-0.831397,1.879451,-0.768457,0.669129,1.030509,-0.291597,-0.558543
-0.247114,-1.260066,-0.906307,0.866313,-0.381103,-0.403799,0.402076
1.123961,-1.518116,0.596311,-0.469962,0.831022,0.359078,-1.656076
-0.717712,0.367512,-0.291778,0.434242,-0.495092,0.535889,0.115528
-1.1e-05,0.010053,0.471666,-0.18802,1.016383,0.13759,-1.085727
-0.611882,-0.595586,-0.004791,-0.069532,0.308797,-0.843408,0.706094
1.268919,0.188456,-0.177992,-0.996006,-0.532729,-1.311779,1.225666
0.606377,-0.661526,-0.706382,-0.748157,-0.383986,-0.430601,-0.615857
0.931869,-1.151385,-0.596811,1.077859,0.792884,-0.362971,0.663648
-1.773532,1.229009,1.309094,0.804858,0.26004,1.284428,-1.037483
-0.812173,0.973167,-2.014713,-1.086249,-1.068958,-0.76075,1.420403
0.829889,-0.745659,0.047236,-0.160467,-0.825804,0.155193,0.134623
-0.727548,0.359075,-1.124586,0.202706,1.127265,0.768086,-1.02941
0.489594,-1.269107,-0.400268,0.099849,-0.927251,-0.968013,0.776615
-0.406718,-0.230598,-0.709231,-0.064161,-0.891581,0.403141,0.936125
0.539643,-1.040336,2.077404,-0.548944,-0.530335,-1.380228,1.762392
1.761994,0.736851,-0.024428,0.382489,1.043207,-0.154678,-0.495188
1.838998,-0.382878,-0.602431,-0.986952,1.133817,0.598452,0.057625
1.720812,-1.364088,1.210154,0.100157,-0.48777,0.420423,-0.182966
1.281438,-1.409982,-0.196827,0.323836,0.841822,-0.94462,0.599779
-0.261546,0.98916,0.807904,-1.101377,-1.407454,-0.564299,0.445539
1.226385,-1.204353,1.488404,-0.952744,0.964819,-0.383266,0.146172
-3.512662,0.702895,-1.395437,0.747131,0.342552,0.955748,-2.588201
-0.348858,-0.013275,0.272403,-0.254964,0.475583,-0.724048,-0.296492
-0.218266,-0.282372,-1.753064,-0.782489,-0.247945,0.044749,-0.864332
0.066322,0.974362,0.017573,-1.181286,0.557103,0.780432,-0.839072
1.106583,0.023934,0.751888,-0.234891,1.500556,-0.09486,-0.603224
0.388042,-0.644272,-1.126753,0.913166,1.01697,0.642343,-0.280543
0.664502,-0.140854,0.801083,-1.124425,-1.449825,-0.633034,1.191923
0.301868,1.134515,0.765066,-0.539706,-0.87042,0.93779,0.802268
-0.074073,-0.113715,-0.50451,1.226096,-1.242444,-0.12445,-0.079313
0.472173,0.684908,0.150507,0.779306,-0.45105,-0.933378,0.612208
1.729479,-0.062857,-0.711346,-0.438249,0.475728,-0.416366,0.186053
0.59198,0.065092,-0.320749,0.838903,-0.511197,-1.533311,1.826198
-0.777497,-0.866859,-0.713383,-0.59558,0.61494,0.114405,-2.106854
-0.361275,1.383006,-1.186459,0.544,0.809308,0.377511,-1.235888
-1.937156,0.53436,0.83693,1.607413,0.571505,-0.399263,-0.401733
1.10517,0.186125,-0.411093,-0.732677,-0.812696,0.259295,-0.758998
-0.993187,0.197864,0.775812,-1.478109,1.151756,0.852788,-0.832679
0.375088,-0.588908,1.041343,0.363827,1.099535,-0.153303,-0.222101
-1.396932,0.282765,0.413249,-0.961296,0.172574,0.212615,0.876309
1.429456,0.01775,0.666143,0.332671,-0.709652,1.136499,0.594736
-0.228677,0.700686,-0.145058,-0.519058,-0.423266,-0.679416,1.047753
1.768792,-0.581412,0.686493,-0.709667,0.19702,-1.221871,-0.159599
-0.541955,0.613335,0.943716,0.778018,1.058194,0.843045,-0.880704
-0.466246,0.002755,2.532432,-0.31752,-1.05234,0.169043,0.307631
-1.285705,1.335328,1.532732,1.235412,1.280948,0.364847,-2.565153
0.421216,0.426723,0.510987,-0.633724,0.597434,0.892037,-0.777988
-1.005236,0.530321,0.455238,-0.59254,-0.99736,-0.118429,0.454788
0.28474,-0.331324,0.822012,-0.101821,-0.74213,0.491023,0.300271
-0.668767,0.560816,-0.077746,0.558265,-1.197129,-0.852911,1.389477
-0.628791,-0.282797,0.524874,0.507512,1.08887,0.350842,0.593044
1.952819,-1.243945,-0.366171,0.664553,0.342589,0.635166,-0.919366
-0.081933,-0.127294,-1.339415,0.143502,-1.058926,0.19325,-0.546374
1.156428,-0.141473,0.748601,-0.714922,-1.23605,-0.868425,0.042134
-0.276116,-0.571059,-0.876685,-1.200516,-0.783101,-0.836942,0.823668
-0.13292,0.131299,0.118208,1.127632,0.397055,0.674683,-0.497444
-0.388262,0.096394,1.50834,-0.225908,-0.330742,-0.536401,0.715939
-0.217598,-0.576652,0.499516,-0.331695,0.439145,0.417018,-1.416691
-0.25243,0.561264,-0.762725,-0.21211,0.054622,0.752823,0.083374
0.422029,0.924039,1.012868,0.181938,0.953945,0.850848,-1.590627
-0.713975,-0.365698,1.322246,-0.790918,0.91807,0.713451,-1.525324
1.892649,-0.807286,0.305772,-0.356393,-0.685473,1.064694,1.506339
0.618354,1.159567,0.488478,-0.488734,-0.113143,0.458218,0.692462
0.527412,-0.707374,0.690195,0.847937,0.852893,-0.376433,-0.878815
-0.566911,0.151386,-2.323921,-0.395787,0.945447,1.028225,-1.021615
-1.173455,0.3963,0.077247,-0.254308,-0.39526,-0.2058,0.175569
0.459112,-0.540417,0.045427,0.216797,0.196681,0.271075,0.837898
-1.705106,0.826228,-0.239974,-0.137694,0.521784,-0.17664,0.425494
-0.856612,0.846864,-1.07986,-0.564159,-0.967199,-0.66093,0.385547
-0.339094,0.045212,-0.71314,0.936783,-0.11759,0.983353,-1.551337
-1.706177,0.345552,-0.493021,0.061485,-0.514884,0.13411,-0.192543
-0.284844,-0.412863,-0.102737,0.170042,0.891539,1.151756,-2.584152
-0.15054,0.711149,1.387021,0.36473,-0.316862,-0.026018,-0.21635
0.216081,0.354403,0.059293,-0.070433,0.277023,0.880458,-0.332874
0.138468,-0.866846,-0.10958,-0.505677,1.17242,0.577719,-0.52361
0.725441,-0.448054,0.238357,1.171424,0.238591,1.042869,0.547112
1.060521,0.985897,-0.66576,0.515223,-0.308966,0.397624,-0.85386
0.581384,-0.332862,1.979256,0.583123,0.335955,-0.221319,-0.209598
-0.913381,-1.197222,-0.869211,-0.662525,-0.890648,-1.024913,1.082129
-0.771418,-1.478418,1.490263,-1.180953,-0.185799,0.469794,-0.20359
0.324699,0.09932,-0.517262,-1.194373,-0.621601,0.796574,-0.19072
-0.531887,-0.66939,0.935689,0.019116,-0.015952,0.973571,-0.646886
0.06769,-0.295372,-0.045294,0.678582,-0.487296,0.579881,-0.219957
0.363465,-1.316591,-0.652042,-0.772467,-1.215358,0.018845,1.141949
1.380207,-1.018028,-0.193564,-0.513089,0.943625,0.693268,-1.390533
1.352813,-0.69866,-0.923276,0.923341,0.32862,0.327957,-1.960619
-0.589605,0.348637,-1.839745,0.793095,0.842668,0.415085,-0.889875
2.839655,-0.731344,0.128271,0.868947,-0.472618,0.036366,-0.86926
-0.889971,-0.297639,1.183342,0.287242,0.697208,0.757093,-1.675343
1.435308,-1.019927,0.19997,-0.237099,-0.335399,-0.612767,0.454857
-0.810631,0.697215,-0.82004,-1.089391,-0.354003,0.060895,0.587556
-0.799197,0.64281,0.901229,-1.104546,-0.171643,0.471649,0.429945
0.566797,-0.894574,-0.012922,0.465427,0.645524,0.918935,-0.54892
-0.755438,0.266854,-0.511294,-0.251892,0.924288,0.71059,-0.828355
1.433523,-0.118669,-0.60105,-1.182181,-0.714379,0.390457,0.203096
0.570343,-1.207289,-0.243561,-0.768578,-1.144925,-0.360223,-0.102261
-0.310677,0.55717,1.782167,-0.705395,-0.384072,-0.713605,0.679155
-0.735946,-0.026766,-1.436241,-0.13515,-0.691672,0.099496,0.332725
0.974224,-0.343007,0.62188,-0.823542,-0.621628,-0.882425,1.16085
0.601923,-0.838638,-1.11908,-0.323548,-0.144851,1.043175,-0.848758
0.470255,-0.188672,0.089587,-1.402638,-0.718799,0.114091,0.054929
1.9297,-1.19805,0.431888,0.47399,-1.027347,-0.529892,1.516238
0.607898,-0.549358,-1.395795,-0.034024,0.826231,0.591411,-0.812271
1.579684,0.038308,-1.730762,0.644413,-0.883685,0.023976,1.050438
0.005319,-0.663953,0.233627,-0.639457,-0.378257,-0.384351,0.454573
-0.394691,-0.574695,-1.791486,0.685812,0.708683,0.604025,-0.305558
-1.634841,0.247938,0.007764,1.342554,-0.80826,0.015574,1.20486
0.909423,0.89423,0.831133,1.069424,-1.387248,0.046808,2.03041
-0.34559,-0.178931,2.03079,-1.913404,-0.945956,-0.318923,-0.083341
-0.389719,-0.591459,-0.062692,-1.128107,0.123911,0.367106,-1.085655
-0.218559,0.813272,-0.878689,0.035397,-0.168306,0.215766,0.74371
-0.535475,-0.464908,0.645847,-1.029759,-0.669775,-0.248042,0.516443
-0.878824,-0.029242,-0.538558,0.235862,0.160503,-0.484015,0.296817
-0.854253,0.851577,-1.918018,0.941282,0.12299,-0.369935,0.086041
0.443659,-0.56731,2.530167,-0.296066,-1.012608,-0.41684,1.847663
0.606597,1.181706,2.514186,0.971966,0.518032,0.023122,0.265038
-0.424498,-0.53713,-1.97041,-1.022396,-0.523526,0.870987,0.360568
-0.697712,-1.111118,0.214273,-0.535948,0.83771,0.931815,-1.033886
0.090892,0.487405,1.355763,0.856018,0.139254,1.661511,-0.90413
0.008558,0.276778,1.167157,-0.524161,0.692493,-0.492705,0.40323
1.35828,-0.2601,0.801087,-1.123099,-1.198767,0.016675,0.645464
0.024984,-1.020452,-1.227842,0.683313,0.689668,1.311569,-0.604314
0.312516,-0.877932,-1.07255,-0.44313,-0.677393,-1.152667,1.295113
-0.157818,-0.780172,-0.59113,-0.855534,-0.40987,0.755154,-0.444455
1.20234,-1.244712,0.310747,-0.942302,0.854075,0.797009,-0.581074
-1.017756,-0.879373,0.638078,-0.72318,-0.080464,-0.971599,1.212733
0.841219,0.196584,-0.986957,0.014971,0.857301,1.126073,-1.82487
0.328768,-0.260931,1.845197,-0.1706,-0.506348,-0.830871,0.943521
-1.212361,0.521478,1.758798,-0.524915,-0.138183,0.127263,-0.047144
-0.807667,0.756375,0.72486,0.691729,0.794722,-1.449429,-0.588609
1.297006,0.354728,0.47368,0.600119,1.387759,0.837889,-0.120063
-0.087704,0.499196,-0.16113,0.537464,0.125716,0.282224,1.265282
0.181989,-1.463509,-0.591778,-0.326207,-0.243068,-0.392862,0.509377
0.68486,1.360507,-0.428379,-0.362217,-0.806073,-0.356291,0.050589
-0.296661,-0.010995,-0.72291,0.697173,-1.283573,-1.038075,1.577471
0.861539,-1.123652,0.621053,-0.428803,-0.38016,-0.100995,0.464506
0.355469,0.354298,-0.263454,0.440189,1.589294,0.284825,-0.548746
-0.597696,1.574047,-1.149662,-1.03837,0.129324,0.315722,-0.116818
0.092597,0.582452,-0.511023,0.748764,-1.285788,-0.715896,1.260301
-1.612068,0.829039,-0.909712,-0.785527,0.001576,1.225188,0.337566
0.488967,1.228564,-1.17992,-0.213842,-1.002685,0.150203,1.106073
0.628122,-0.057124,0.00775,0.951853,0.280134,0.690727,-0.171469
0.522183,-0.906161,0.681256,0.288269,-0.652679,-0.841217,1.085078
-0.507372,0.279467,-1.57152,0.042115,-0.079947,-0.602419,0.209082
0.058679,1.075588,0.022844,0.919632,1.059231,0.932439,-2.253134
-0.101799,-0.159526,-0.354362,0.152318,1.27954,0.610513,0.018996
0.378768,-0.913109,-0.400006,0.621175,1.108001,0.853166,-0.646104
-1.042726,0.676143,-1.033467,-1.235806,-1.431345,-0.849071,1.165991
0.750185,-0.644362,1.12194,-0.236374,-0.516238,0.772765,1.172441
-0.771284,0.675181,1.556177,1.363214,-0.28616,0.450142,-0.445819
-0.797595,0.887364,1.393119,0.478059,-0.616999,0.896444,-0.085013
-1.498232,1.230532,0.614551,0.476596,0.449299,0.705224,-1.290626
-0.028396,-0.630834,-0.143941,5e-05,-0.072342,-1.59977,0.452732
-1.636279,1.027698,1.684643,0.88744,0.894701,-0.427067,-0.530889
-1.878664,1.185924,0.676168,-0.171709,1.171432,0.68319,-0.770214
-0.491649,-0.497209,1.414578,-0.882163,-0.377862,-0.669674,0.807895
0.203259,-0.640801,0.070895,-0.705187,-1.664596,-1.079974,1.945791
-0.409773,-0.613093,-0.867309,-0.352411,0.51117,1.200139,-1.072314
-0.960518,0.459617,0.034705,-0.713538,-0.844663,-0.308298,1.262196
0.72754,0.066495,0.655961,0.852704,0.007574,0.259131,0.36408
0.159221,0.388187,1.215948,0.195621,0.757252,0.64683,-0.224676
-0.445784,0.409115,1.506973,-0.843031,0.959739,1.082662,-1.038589
-1.013326,0.784718,1.417944,-0.51102,1.268899,0.091597,-0.652297
-1.577105,0.664845,0.262747,-0.75431,-0.099383,-0.57991,1.172924
1.037464,-0.233632,-0.679391,-0.329796,0.901839,-0.511382,-0.476551
1.383148,0.706957,1.299935,-0.903607,-0.543712,-0.606875,0.618844
1.473848,-0.472761,-0.103687,-1.580587,-0.374626,0.931249,0.406902
-0.725565,0.105652,0.461122,-1.453213,-0.750457,0.68741,-0.996804
0.553205,-0.593953,-0.67024,-0.831193,0.856606,0.0862,-0.934407
-0.426328,0.976115,0.225668,-0.680556,0.264196,-0.842651,0.680084
1.586366,-0.577948,1.149915,0.228519,0.595624,-1.246355,1.037971
-0.297043,-0.367194,-0.282574,-1.072221,0.852264,-0.799248,0.161284
-0.038541,-0.649375,-0.922917,0.051754,-0.578688,-0.694025,0.694777
-2.207743,0.889083,-0.314563,0.578927,1.421011,0.451607,-1.496014
0.368218,-0.388057,-0.056794,0.332747,0.213699,0.802874,-0.432185
-1.615489,1.319845,-1.978838,0.442171,-0.456324,1.117272,1.434088
0.065023,0.751257,-0.707583,-0.586897,-0.891539,0.393132,0.856898
-1.073097,0.368914,0.687518,-0.689592,-0.102841,-0.600562,0.394335
0.624914,0.419426,-0.559827,-0.472072,1.1759,-0.622991,-0.725544
1.078445,0.093846,1.374622,-0.228724,0.319985,-0.58724,0.14405
0.524538,-0.148503,-1.17239,-1.262127,-0.560786,0.585826,-0.36283
0.844037,-0.951564,-0.164404,-1.031351,-1.250008,-0.004452,1.677183
0.863046,-0.644512,-0.238775,-0.741339,-0.323318,-0.496261,0.234507
-0.029804,-1.154742,-1.402981,-0.995531,0.851063,0.044067,-0.4923
0.189269,-0.802987,1.39395,-0.51728,-1.289007,-0.416397,0.870088
-0.505811,0.570237,0.66085,-0.84382,0.474041,-0.591093,-0.672496
-1.336946,0.864332,0.324545,0.972975,0.671596,-0.093009,-0.52858
0.769769,0.917038,-0.930095,0.783035,0.82088,0.235037,0.678962
-2.151905,0.986791,0.095525,0.577064,1.386108,0.783624,-2.118607
-0.780622,1.571954,-0.484408,0.110783,-0.56375,-0.188123,1.497374
-1.03114,0.839723,-0.587968,0.917401,0.193495,0.706833,-0.063266
0.006927,0.447043,-1.502624,-0.991125,0.164738,1.406583,0.153921
1.007171,-0.641685,0.355518,0.562982,1.457169,0.581536,-0.899653
-1.129303,-0.564744,-0.288753,0.139029,0.341044,1.036768,-0.215474
0.443109,-0.167844,1.059912,0.611347,1.054999,0.754336,-0.688511
-1.644008,0.583498,-0.084187,-0.432815,-1.364739,-0.314649,1.934437
0.085574,0.346676,-0.239393,1.002627,0.617317,1.375589,-1.474969
0.461078,0.30971,0.690144,-0.236086,-1.668649,-0.355392,0.870192
0.127638,-0.117877,0.030409,0.135863,0.813624,-0.419808,0.275116
0.439887,0.055655,-1.493448,0.826304,0.487038,-0.299057,0.038934
-2.182227,1.211968,-0.138553,-0.424475,0.012571,0.821304,0.912751
0.126406,0.471849,0.125319,-1.207783,0.822233,0.929683,-0.622648
1.845182,-1.249175,0.805984,0.361008,0.461955,-0.795923,-0.716385
0.135012,-0.640254,-0.676089,-0.769648,-0.401473,-0.409571,-0.981856
0.232151,0.879655,-0.22941,-0.141855,0.541542,-0.64816,0.236319
-1.306536,1.308137,-0.439764,-0.093759,0.370051,0.303006,-1.245453
0.491223,-0.316173,-1.080919,-0.185174,0.174831,-0.103656,1.097281
-0.779629,0.136343,-1.674146,-0.339053,0.471634,1.056352,-0.452707
0.845424,-0.55485,-0.34421,-0.790407,0.596799,1.204795,-0.598149
0.467495,-0.014657,-0.086241,-0.087017,0.298306,0.792418,-1.77273
0.146137,-0.091427,-0.11971,-0.438906,-1.367178,-0.151588,0.146275
-0.259779,0.512577,0.241596,0.727651,0.67437,0.277778,-1.056322
0.252288,0.972342,2.084826,-0.701811,-0.945163,0.753608,-0.710131
1.636529,-0.865969,0.079135,-0.403223,-1.386748,-0.011155,0.389301
0.460574,-0.650421,-0.885731,-1.119808,-0.14018,-0.202696,0.407315
1.528199,0.145519,-0.848967,0.300782,-0.019894,0.549745,-0.830252
-0.893441,-0.63809,0.266477,-0.613969,-0.547656,0.662113,-0.375218
1.115841,-0.225032,0.511251,0.335586,1.090551,0.538876,-0.872659
1.231601,-0.887153,-0.247,0.289344,0.665332,0.099725,-0.158594
-0.495543,0.440151,0.264111,0.462692,0.968339,1.099592,-1.848274
-0.108586,-0.682031,-0.145617,0.198759,0.2774,-0.733865,-0.56269
2.07206,-1.513637,-1.333972,-0.177365,0.753555,0.274482,-1.506124
0.653075,-0.014117,0.430404,-1.046987,-1.21362,-0.989479,1.915019
-0.289884,0.19895,0.945158,0.953618,0.174347,0.091383,0.020322
-0.666095,0.544105,0.588557,-0.700818,-0.80976,-0.542417,0.784216
-0.293384,-0.374015,1.220257,1.427961,0.848599,-0.044869,-0.081942
0.116534,0.103998,-0.015544,-0.114515,-0.969961,-1.109179,2.105154
-0.217633,0.900628,-0.17767,0.182729,-1.147274,0.351141,0.295327
1.361484,0.434452,0.339339,0.985535,0.220301,-1.001023,-0.22791
0.54555,-1.206778,1.00931,-0.136859,1.01329,0.596162,-1.012781
0.224336,0.032996,0.258784,0.621144,0.179519,-0.616243,0.317196
0.457303,-0.975129,0.345817,0.698251,0.842582,0.609947,-0.461606
-0.594913,1.085436,-0.280587,-0.090213,-0.714328,1.087091,0.151248
-0.802129,-0.747385,2.138223,-0.002748,-0.89127,-1.137272,0.938593
0.669358,-0.879958,0.024765,0.059734,0.60549,0.576242,-0.098315
-0.443218,0.397361,-1.29407,-0.883634,0.239312,-0.397154,0.277933
-1.750048,0.880999,1.344201,0.959472,0.684755,-0.058164,0.105212
-3.251685,0.170545,-0.502456,-0.91394,0.285243,-0.932251,0.907764
-0.664828,-0.176912,-1.565596,-1.582094,-1.152547,-0.874697,0.67322
-1.357536,1.354247,2.648852,-0.440488,-0.223798,0.380869,1.231498
-0.639148,-0.15376,1.029336,-0.719777,0.209101,0.918548,-0.154492
-0.50727,-1.071928,0.944656,0.330154,1.020297,0.909358,-1.034996
0.14515,0.818254,-1.359151,0.472766,1.108882,0.953853,-2.870113
-0.493194,0.802421,0.418145,1.29583,-0.152886,0.338948,0.491762
-0.301703,0.114328,0.963483,-1.047716,-0.858771,-0.742663,0.440339
1.801985,-0.995898,-1.908234,1.083105,0.020131,0.958402,-0.609944
-0.589331,0.636073,1.321583,-0.757026,0.94433,-0.617686,-0.838405
1.797436,-0.525924,3.049392,-0.933694,-1.258614,-0.375835,0.627025
0.641232,-0.378363,0.421296,0.236393,-0.697617,0.127996,-0.431018
-1.074706,0.833334,-0.996674,0.500693,0.93141,0.369022,-2.440194
0.580654,-1.164885,-0.673809,-0.29777,-1.123945,-1.010852,-0.585394
-0.770512,0.844951,0.32649,-0.020916,0.614936,0.42286,-0.195361
-0.997506,0.132682,0.112161,-0.524383,-0.560179,0.424236,-0.709945
-0.810035,0.09883,-0.651633,-0.311481,0.11899,-0.941851,1.555828
0.4866,1.299572,-1.096657,0.132603,0.5883,0.630031,-0.42719
0.881855,-0.365281,0.597686,0.030598,0.427828,0.574978,0.259965
0.218389,0.553019,-0.744378,-0.688127,-0.385616,0.261611,1.183981
1.362041,-0.545225,-0.026317,-0.862705,-0.43839,0.852458,0.409659
0.392542,-0.55668,1.019481,0.678272,-0.405056,0.360233,-0.040116
1.005745,0.504884,0.231683,-0.632427,0.52544,-0.811332,0.359464
0.93212,-0.983398,-0.740096,0.378913,0.998462,-0.584224,-0.777437
1.163416,-0.76596,0.851494,0.041353,-0.856122,-1.032908,1.079201
0.826754,-1.21191,-1.800195,1.062623,-0.011941,1.684508,-0.346076
-1.017929,-0.266159,-0.469714,-1.570607,-1.232963,-0.062935,0.51546
0.712256,-0.474781,2.156217,-0.790441,-0.282638,-0.70521,0.221038
-0.222319,0.643457,-0.767316,0.346421,0.956181,-0.928804,0.335604
-1.200796,0.227239,1.436958,0.803046,-0.448422,-0.941429,0.59584
1.516845,0.705355,0.240725,-0.280951,-0.560717,1.133126,-0.54777
0.336911,0.296626,0.584419,-0.161389,-1.108239,-0.656295,1.033873
-0.781198,1.323011,0.59667,0.239419,0.192278,0.124861,-0.422675
-0.894911,0.896337,0.400568,-1.128764,-0.511376,-0.742546,0.091196
1.061951,-0.667643,-0.212421,-1.181832,0.397598,0.56613,-0.415695
1.295331,-0.290952,-0.096696,-0.463126,-0.474152,0.40126,0.048695
-0.547411,1.314696,1.106876,0.026603,-0.622445,-0.606794,0.955172
-0.67922,-0.371516,0.888456,0.375626,0.448747,0.02782,-0.284344
0.301039,0.482325,2.267844,-0.788446,0.593415,-0.298823,-0.886224
-0.644919,0.845235,1.62629,-1.392364,-0.940455,0.418107,1.022427
-0.93879,0.823811,0.999841,-0.884205,-0.620305,-1.246586,0.86466
0.057512,1.217563,-0.616964,1.035888,0.950074,1.147962,-1.488118
0.070354,-1.1655,-2.028852,-0.107034,0.571421,1.164449,0.123815
-0.190135,-0.227122,0.737867,0.688241,-0.571644,0.857493,0.941258
-0.559364,-1.446779,-0.646225,0.222731,-0.09692,0.587761,0.69655
-0.62558,0.812044,-0.552726,1.310093,-1.054026,-0.730568,0.945432
0.68342,-1.082574,0.50743,0.288581,0.661061,-0.370213,-0.465606
-0.515097,-0.178647,-0.257292,-0.158086,-0.790609,0.50153,-0.441766
2.747574,-1.433833,-0.414473,-0.479432,-1.112966,-0.720267,0.058601
0.405425,-0.144997,0.517459,0.575963,1.561572,0.274244,-0.211419
-0.734478,0.750388,-2.38738,-0.630551,0.937243,1.030077,-0.113187
-1.335079,-0.658926,-0.059544,0.703564,1.301194,0.813641,-1.09734
-0.463303,0.239362,1.752909,-1.262794,-1.974449,-0.269753,0.699197
-2.262275,-0.226206,0.473608,-0.149005,-0.399031,0.037865,-0.074407
-0.45701,0.013538,2.176755,0.384833,0.319476,0.806282,-1.475349
-1.246409,-0.552208,0.350427,-0.944986,0.822688,0.680662,-0.548703
-0.970536,1.339078,0.153818,0.210193,-0.506476,-0.575778,-0.254016
-0.166924,0.369331,-0.57346,0.847572,-0.707551,-0.384299,0.728897
-1.998433,-0.589282,-0.302111,0.485527,1.21906,0.673401,-2.265518
0.072147,0.289631,1.307315,-0.94795,0.330829,0.103614,-1.995982
-0.456498,0.867989,0.031635,-1.701342,0.021377,1.24358,-0.202976
-0.99087,1.55103,-0.028611,-0.147347,0.478781,1.394776,-0.741422
0.837563,-0.240122,-0.770221,0.898325,0.424662,0.872552,-1.957011
-1.567585,0.520274,0.516984,-0.025543,0.573266,0.328722,-1.24802
1.951012,-0.238662,-0.559875,0.060386,0.889602,1.125491,-2.036583
-0.12138,-0.930914,-0.932625,-0.106686,0.986452,1.224961,-1.860878
1.130254,-0.388142,-0.406293,0.360174,1.321429,0.858705,-0.80889
-1.115026,1.164832,2.02379,-0.240102,-1.143033,-0.179415,0.549312
0.224433,-0.18573,1.009913,-0.594034,-0.024997,0.473945,-0.534987
0.321601,-0.325678,0.952974,-0.271518,-1.015846,-0.094445,1.424469
-0.419954,0.871851,0.574073,-1.080858,0.612483,0.647655,0.076281
-0.03294,0.527079,0.56125,-0.162782,-0.664131,-1.226831,1.017902
1.321236,0.707453,-0.826081,-0.374309,-0.497748,0.856264,1.594659
0.280478,-0.695462,1.472875,0.259958,-0.332387,0.802174,-0.061154
0.744651,-0.820002,-0.906226,-0.368489,0.527193,0.120964,-0.469266
-0.074774,-0.692133,0.999937,0.282706,-0.661647,-0.839906,2.684038
-0.565722,0.356465,2.329122,-1.070697,-0.463897,-0.948799,-0.253105
1.807149,-0.438446,3.192193,0.040156,0.675574,1.018906,-0.56861
0.870543,-0.351825,-0.547192,1.010247,1.233435,0.760405,-1.310031
0.970537,-0.426572,0.154717,-0.538726,-0.792815,-0.92867,0.052931
-0.233094,-0.145033,-0.295421,-1.219533,0.201496,0.774836,-1.38918
-0.019225,-0.147202,-0.860839,-0.890292,-0.21382,-1.367384,-0.223409
-0.068991,1.615952,-0.845501,0.745135,0.777183,0.564097,-1.996267
-0.734298,1.185761,-0.03569,0.561156,-0.357818,-0.902907,1.118064
0.01706,-1.370651,-0.145109,0.881774,0.263034,1.368489,-0.613807
-0.17267,0.341064,0.000686,0.662503,-0.899127,-1.064989,0.477336
-0.1159,0.650256,1.602696,-0.852709,0.068541,0.388922,-0.082776
-0.645638,0.921903,-1.501147,0.865268,1.305869,-0.681449,-0.539185
-1.280306,-0.108578,0.609543,-0.697719,-0.750547,-0.529141,0.02183
-1.48439,1.221661,-0.33051,0.840944,0.701516,-0.603759,-0.580182
-0.029842,1.139076,-1.135416,-0.562724,-1.141896,-0.142069,-0.111988
-0.832532,0.029702,-0.356214,-0.290369,-0.344141,-0.183035,-1.538488
0.043905,0.284152,-0.309206,0.879188,0.274267,0.8178,-0.957917
-0.486942,0.213299,-0.783084,-1.016524,0.804754,-0.455885,0.136425
0.300709,-0.539378,2.051099,-1.305208,-0.147262,0.527921,0.288662
-1.537868,0.518146,-1.47069,0.382978,0.424046,0.17738,-0.600403
0.251353,1.036133,0.220601,-0.372175,-1.254711,0.695173,0.101513
2.224514,-0.857224,0.368311,0.516213,0.571424,-0.302519,0.081994
-0.201191,0.029621,0.882472,-0.469769,0.461586,-0.012053,0.301932
0.814097,-0.948991,-1.383184,0.738203,0.258744,1.340642,-0.971539
1.473904,-1.16094,-0.416211,-1.071383,-0.345384,-0.042699,1.039653
-0.452821,-0.636075,0.676978,-0.638645,-0.946751,-0.23964,0.023421
-1.045823,0.626777,-1.918723,1.138472,0.603984,0.084957,-1.17874
1.413209,-0.650791,-1.070297,-0.602188,-0.716462,-0.834287,-0.220835
1.506524,0.348019,1.416941,1.459007,0.744248,-0.448205,-0.199601
-0.685685,0.551677,-0.508105,0.172796,0.37811,-0.575623,-0.069795
-0.144643,-0.05549,-0.11849,-0.505297,-0.001787,0.668596,-1.028137
0.115443,-0.446999,-0.506953,1.036288,-0.365014,-0.921016,0.567395
0.309993,-0.798311,1.04245,-0.967875,-0.520822,0.664819,0.231282
0.675951,0.090875,0.857893,-0.421244,-0.768213,0.286832,0.152375
1.217108,0.843078,-1.285257,-0.463313,-0.911295,-0.969349,-0.563728
1.714532,0.282804,0.708125,0.374895,0.333129,0.855696,-1.120735
-1.435881,0.531279,0.376784,0.211648,-0.593152,-0.382543,0.578138
-0.10001,-0.667244,-0.711713,0.117398,-0.195462,-0.890837,-0.468116
0.007197,-0.183471,-2.720169,0.913609,1.33359,-0.18619,-0.203283
0.371737,-0.722399,-0.966969,0.074836,0.743557,0.007843,-1.332764
0.395684,-0.548608,-0.80158,-0.908807,-0.726734,-0.941758,1.177245
0.884329,1.139599,0.710366,-0.548747,-0.182162,-0.36747,0.543296
0.291395,-0.804956,0.861477,-1.098094,-1.206739,-0.399023,0.882298
1.238766,-0.755422,-1.236507,0.02516,-0.464982,-0.754348,0.191503
-1.400532,-0.100471,-0.808613,-0.938472,-0.684739,0.574943,1.05357
-1.555,0.724628,1.577445,-1.28837,-0.539912,-1.320028,1.341121
0.012415,0.204337,-0.336699,-1.018936,-0.477687,0.491635,0.857678
-0.717622,1.252779,-0.580816,-0.643995,-0.834233,-0.42182,0.853593
-0.582522,-0.952497,0.291101,0.078153,1.211225,-0.475046,-0.852678
0.706372,0.422571,-0.290855,0.320324,0.86371,-0.003541,-0.463022
0.470219,-0.662766,0.1325,-1.233947,0.467573,1.135611,-1.893795
-0.317709,-0.097424,-1.859779,-0.434437,-0.930909,-1.65445,1.563267
-0.850362,1.012058,-0.306596,0.580168,0.93119,0.871032,-1.515006
-1.289703,-0.22753,0.94956,0.34566,1.093867,0.408858,0.018587
-1.547582,0.048366,-0.385644,0.341334,0.281492,0.136334,-0.316429
0.770343,0.326485,-1.738614,0.452877,-0.556283,0.267374,-0.651261
-0.401737,-1.651033,-1.442075,0.027964,0.168189,0.484892,0.242005
-0.910341,0.582311,-0.256766,-0.213012,-0.939353,-1.013832,1.326766
1.235448,-1.401285,0.818875,-0.810328,-0.81081,0.001867,-0.244235
-0.084939,0.26961,-0.403026,-1.05614,-1.3625,0.293429,0.250892
0.910018,0.476914,-0.569472,0.620584,0.709941,0.331939,-1.435102
1.830465,-0.025631,0.927445,0.050238,0.109482,0.532099,1.076258
0.606028,-1.238652,-0.587249,-0.539233,0.236149,0.633129,-1.26768
-1.791082,0.5972,1.11984,-1.158467,0.899789,1.261138,-2.066936
1.207912,-0.143306,0.070001,-1.550029,-0.227923,-0.924377,0.105865
0.707804,0.091731,1.927084,-0.830807,1.147711,0.410182,-1.931175
0.252281,-0.664377,0.148943,-0.903628,0.853499,0.757306,-1.143963
0.568215,-1.065296,-0.995335,0.773116,-0.636505,0.845309,-0.973637
-0.093543,0.052357,0.003088,0.562515,1.291399,0.287094,-1.360302
-1.416915,0.388278,-1.161213,0.011748,0.874343,0.412599,-2.171888
-1.257123,0.477897,-0.542839,-0.373366,1.110566,0.205437,-1.225858
-0.031964,-0.671651,0.342373,-0.679247,-0.55238,-0.392283,1.450818
0.839013,0.531873,-0.955569,-0.379816,0.551999,0.11053,-0.164557
-0.235886,-1.078998,-1.588781,0.775078,0.362301,0.000371,-0.495565
0.0438,-0.862122,0.324945,-0.617552,-0.545993,1.04757,-0.118891
1.558493,-0.608007,-0.758611,-0.307414,-0.027423,0.547982,-0.976095
-0.158064,-0.311953,0.801128,0.331523,-0.214649,-0.556936,0.635365
1.495379,-0.032632,0.418315,0.363897,1.510886,0.204046,-2.203787
-1.396782,0.185564,-0.803346,0.089233,-0.736668,0.558446,-0.294343
-0.411735,0.578132,-0.841464,-0.468996,0.770962,0.313381,0.265102
0.299278,-1.145157,0.61782,-0.538379,-0.639326,-0.361953,0.55551
-0.20125,0.187449,-1.060828,-0.740732,-0.311603,-0.542384,-0.376547
-0.866264,0.116615,-1.366866,0.285047,1.250779,0.151855,-0.750269
-0.028179,0.506425,-0.094893,0.066844,1.1658,0.670333,-0.673873
-0.381172,0.407216,0.126347,-0.22617,0.404718,0.42803,-0.282503
-0.458716,0.738554,0.842108,-0.947831,-0.755972,-0.539332,0.946799
1.258777,-0.631,-0.102294,0.659599,1.200432,0.986722,0.167815
-0.99329,-0.41347,-1.739366,1.2462,1.546921,1.413976,-1.592023
2.4409,-0.040652,-0.191349,1.123894,1.225493,0.087445,-0.833533
1.189025,-0.662726,-0.183493,-1.382438,-0.834646,0.67503,0.24166
-1.193299,0.568047,-0.818656,-1.071193,-0.57026,-0.336615,0.064549
-0.889412,0.095155,0.463906,0.609664,0.548554,-0.965287,-0.741638
-0.181413,0.366495,-1.964625,1.177706,1.242436,0.796962,-2.010818
-0.178823,1.143405,-0.038017,0.519997,0.562665,1.125796,-0.76487
-0.085729,-0.101525,0.198509,-1.282844,-1.468787,-0.770863,1.423258
-0.08987,0.868986,-0.936058,0.466709,-0.824453,-0.298727,1.829392
-1.141112,0.585827,0.50671,0.764517,0.811647,0.345157,-1.124052
0.315648,-0.504927,-0.739329,-0.096893,-0.204707,-0.847106,1.593901
-0.290821,0.406502,0.959354,-0.034996,0.432871,0.323878,-1.669179
0.802729,-0.200123,0.015283,-0.174551,-1.090757,-1.545051,1.896024
-2.064502,1.340357,0.22752,-0.922838,-0.717695,-0.63179,1.493146
0.347511,-1.222366,-0.645721,1.422739,-0.224469,-0.41721,0.522935
0.071926,0.407316,1.116081,0.842472,0.629038,0.240673,0.207161
-0.265153,1.130794,-0.201124,0.936705,0.551839,0.154343,-0.605308
0.013201,-0.747078,1.175161,0.66045,0.916772,1.15194,-1.449032
-0.95913,0.733313,-1.663591,-0.076545,0.84737,0.378417,-0.6702
-1.110096,0.190489,0.29396,1.124326,1.111006,0.522806,-1.300547
0.88205,-0.58019,1.479686,0.529391,-0.027822,0.133409,0.314739
2.078184,-0.224788,1.557865,0.571817,0.497326,-0.282145,-0.647371
-0.110157,1.3552,0.842697,-1.491837,-0.638064,-1.575336,0.899597
-0.012057,0.108972,-0.763554,-0.390044,0.382392,-0.117889,0.242567
-1.720972,-0.477244,1.383082,0.047324,0.609412,0.436472,-1.623353
-2.157817,0.35825,-1.71312,1.000298,0.198914,-0.40446,0.921109
1.201927,-0.181746,0.253648,0.004697,0.665063,0.464283,-0.882115
0.768108,0.720174,-1.457523,0.393185,-0.678798,-0.703067,0.022597
-1.274474,0.618261,1.044096,-1.028631,0.14373,-0.123334,0.645942
-0.323507,-0.154124,-0.344896,0.95834,-0.365611,0.406804,0.135949
-1.406441,0.073641,0.690678,-1.115243,-0.091687,-0.56967,0.183887
1.344837,-0.896531,-0.225989,-0.148635,0.553228,0.185298,-1.057051
-1.10585,0.287465,-1.365982,0.579097,-0.256388,-0.089074,0.220974
0.617034,-0.98187,0.922186,-0.421399,-1.543714,-1.041654,0.826093
-1.650761,0.294006,-0.62998,-0.414951,-1.063843,0.288512,0.696077
0.547824,-0.933967,1.106054,-0.449412,0.870214,-0.576069,0.167346
0.394844,0.219085,0.109691,-0.828035,-0.263227,-0.178338,-0.126458
-0.754205,0.698407,0.817908,1.126828,1.389246,-1.331653,0.775385
1.117398,-0.671064,-0.210572,1.286826,0.574876,0.748152,-0.645442
0.358436,0.995082,0.526877,1.20331,-0.38728,0.036762,0.12714
1.672138,-0.78773,1.233227,-0.157598,-0.582694,-0.095097,0.313951
-2.263604,0.87339,-0.13928,0.67241,-0.474998,-0.157377,1.458171
-0.594371,-1.105468,0.539313,0.530216,0.867099,-0.215392,-0.826051
0.60522,-0.046388,0.642786,-0.165328,-0.79118,-0.396339,0.040047
-0.228261,0.065212,-0.115217,-0.179406,-1.041839,-0.488205,-0.317511
0.80137,-0.525599,-0.620982,0.747063,-0.062663,-0.319979,0.961434
-0.566553,0.619252,-0.464142,0.856164,0.05717,0.78547,0.162567
1.847061,-0.601225,-0.323623,0.787099,-0.596191,-0.057081,0.154738
-0.278476,-1.156523,-0.014817,-0.566973,0.655691,-0.080035,-1.793523
0.537733,0.504121,-0.575293,0.567667,-0.811949,-0.204372,0.779124
0.338968,1.162528,0.782425,0.035754,1.215556,0.212559,-1.283668
0.918185,-0.891818,-0.030149,0.723382,0.715327,0.265309,-1.092763
-0.501431,0.255108,1.798189,-0.234371,-0.389877,1.208942,-0.547599
0.275946,-0.21154,-0.737772,-0.41568,-0.721729,0.186886,0.184993
-0.167327,1.413696,-0.43012,-0.352904,-1.212653,0.202088,1.104819
-1.35148,0.406943,0.478256,0.208891,0.7577,-0.031248,0.806142
-0.284171,-0.28262,-2.659615,0.093569,-0.604531,-0.827843,2.162092
0.906038,-0.806905,0.371412,0.401945,1.402734,0.624911,0.306209
-2.03183,0.77726,0.580383,0.396517,0.753375,0.967806,-2.637775
1.763462,-0.826828,-1.376234,-0.793446,-0.104795,0.620242,-1.0164
0.163637,0.124397,0.666428,-0.271862,-0.4228,-0.172334,0.766061
0.426965,-0.238228,0.367337,-0.122341,-0.42782,-0.974766,1.08134
-0.927766,-0.343967,-1.052148,0.577274,0.769529,1.111254,-1.921208
1.190593,-0.646279,-0.904404,-0.735766,-1.273979,-0.866446,1.915681
0.018909,0.161768,0.716871,0.821489,0.428486,0.018804,-0.311162
0.179299,0.689492,0.029723,-1.168142,-1.093003,-0.986416,1.087704
0.995584,-0.818171,-0.935205,1.214212,1.353988,1.007546,-1.925552
0.805182,-0.022467,0.162769,0.845096,0.467791,-0.429553,-0.203795
-0.998573,0.150056,-0.599475,-1.142718,-0.526301,0.827789,-0.399363
1.806183,-1.393893,0.340416,-0.384328,0.041526,-1.038315,0.634852
0.214117,0.714045,1.711882,0.729522,0.622961,1.27211,-2.399813
1.427688,-0.088188,0.488691,0.038206,-0.491778,0.807954,-0.921509
2.395511,-1.243189,-1.412638,0.376318,0.661775,0.261713,-1.210721
-0.050308,0.782555,-1.626193,-0.009681,0.719968,0.734705,-1.283755
-0.848963,0.84747,-1.529034,1.046672,1.053905,1.158887,-0.525019
0.379174,-0.383688,2.738694,0.004531,-0.991305,-0.894666,1.73639
1.192257,-0.676224,1.264504,0.669108,0.481435,-0.558692,0.91715
1.076299,-0.650424,1.683163,-0.590752,-0.404049,-0.621176,0.701955
1.40675,-0.043013,-0.714893,-0.180715,0.386342,1.686484,-1.018968
-0.033707,-0.214323,-0.795192,-0.601396,-0.338319,0.524419,-1.004094
-1.634233,-0.568421,-0.622914,0.695156,0.916505,0.535396,0.007463
0.899538,-0.658527,0.537516,-1.535028,-0.572457,-0.734969,1.316575
0.265997,-0.627967,1.255364,1.310181,1.195414,1.517744,-2.700132
0.059763,0.911795,-1.124441,-0.059862,0.941137,-0.545481,-0.106751
-1.190011,0.677796,-1.658193,0.493237,0.827912,0.114809,-0.533906
-0.007187,-0.435614,-0.897364,0.964013,0.074601,0.714107,-1.319982
-0.162785,0.284197,-0.714702,-0.950474,-1.138763,-1.19716,1.689077
0.02425,0.375693,-1.298668,0.827442,1.348676,0.075635,0.175794
-0.416398,-0.520572,0.484116,-0.90682,1.36405,1.127568,-0.852806
0.697402,-0.480565,-0.582765,-0.512825,-1.325486,-0.684524,1.981559
-0.248032,-0.755618,0.387753,0.610886,-0.053301,-1.020583,0.067554
-0.90039,1.085989,-0.104886,-1.210564,-0.767628,-0.692366,-0.204608
0.405812,-0.393823,0.186514,0.417051,1.04604,0.597825,-0.437655
1.931349,0.244153,-0.051431,-0.705173,1.159912,0.14241,-0.901776
-1.008731,0.623689,-0.588964,0.362289,0.136972,-0.826098,1.766568
-0.048418,-0.32478,-2.362111,-0.546763,0.511564,0.810103,-0.12391
-1.00165,-0.047142,-0.150652,-0.535601,0.216315,0.066841,-0.999587
1.461996,-0.70708,-1.831681,-0.181111,-1.550739,-0.643634,1.632605
-0.499428,0.502538,-1.117817,1.453081,1.145027,0.867328,-1.129006
-0.029701,0.530795,1.052155,0.034513,0.14892,-0.270795,-0.382241
-1.724639,0.654546,-0.248627,0.566395,1.131562,0.598839,-1.047813
-0.800937,0.327264,-1.32245,-0.204294,-0.243257,0.391413,0.352853
0.823795,-0.766505,0.450163,0.076412,-0.582367,-1.059846,1.001921
1.08263,-0.255086,0.048745,-0.230813,-0.468729,1.005267,0.610865
-0.255031,-0.699103,0.20351,0.731219,0.551152,-0.223558,0.144563
0.063313,0.371848,-1.591917,0.124295,0.702033,0.962865,-0.5362
0.314561,-0.591879,-1.894652,0.387548,0.713041,0.706897,-0.746474
-0.165777,0.212635,1.163626,0.610404,-0.163074,0.420184,1.194728
0.60515,-0.056153,1.878761,-0.221524,0.620914,-0.506651,0.735762
-0.019201,-0.429496,0.150317,0.141703,-0.320647,0.872839,-0.381957
0.280539,-1.163488,-1.395523,0.988354,0.708121,-0.554716,-0.538055
-2.007263,0.668336,-0.834401,-0.870063,-1.160142,-1.49622,1.22579
0.895238,-1.240557,0.224833,-1.040972,-1.195692,-0.780969,1.551022
0.013631,0.708252,-0.946019,1.237749,-0.052072,0.706607,-0.029047
0.705911,0.840466,1.779331,-0.493094,0.082234,0.75218,0.486956
-0.221814,-0.533853,-1.136054,-0.712347,0.303934,0.148238,-0.721769
0.390578,-0.387338,-0.584861,-0.298815,-0.743781,-0.728015,0.336743
-1.385441,0.323549,-1.94498,0.206846,-0.415141,-0.355104,0.635109
-0.898333,-0.15864,-0.327288,-0.252182,-0.634174,-0.62364,1.523884
0.036983,0.338897,0.069153,-0.257793,-0.334128,-1.248332,0.930785
-0.062405,1.488741,-2.12405,0.351913,1.342792,0.890942,-0.802277
0.84354,-0.354035,-1.127334,0.150288,0.019107,-1.501995,0.930524
0.518889,-1.052486,0.974431,0.453649,-0.130714,0.624806,0.29492
1.121034,0.479456,-1.507587,0.047627,0.401482,1.386434,-0.316817
-0.626971,1.732094,0.680285,0.648519,0.205599,0.642304,-0.243071
-1.384573,1.148437,0.12952,0.358969,-1.019131,-0.485292,-0.424536
0.631466,-0.631927,0.306344,0.006258,-0.26425,0.258499,1.015065
0.339958,-0.127506,-0.770394,0.274152,0.688967,-0.165219,0.176858
0.728718,0.385609,-1.131894,1.484475,1.139577,0.582805,0.229246
1.1023,-1.005125,-2.430814,0.428757,-0.318833,0.385622,-0.768471
-1.358538,0.103044,-0.585807,-0.3535,0.126934,0.838713,-0.400322
1.893257,-0.423321,0.664043,0.436567,0.557082,0.115297,-0.205441
-0.529812,-0.397593,-0.728255,-0.752732,-0.564909,-1.210037,1.553763
-1.292403,1.185447,-0.457916,-0.499027,-0.875114,0.052376,0.486789
-0.046225,-1.290654,1.174919,0.104071,0.894047,0.714172,-0.223663
0.316384,-0.54055,-0.823096,-0.250439,-0.437578,-0.525589,1.046705
-0.898245,0.17049,-0.265603,0.009181,-1.216747,-1.428917,1.08415
0.41791,-1.492076,0.180172,1.402777,0.747099,0.775582,-0.745421
0.120713,-0.551533,0.483149,0.108625,1.424448,-0.74058,0.010915
