Burglary,Earthquake,Alarm,JohnCalls,Marycalls
-0.942082,1.352336,0.555797,-0.999439,0.44
0.234899,-0.485718,0.963558,-0.492112,-0.507072
2.672414,-0.19158,-1.224902,-1.038761,-0.25969
-0.159127,-1.057966,-0.638231,0.397287,-0.734487
1.575296,0.651187,-0.699742,-0.986085,0.055064
0.427873,-0.624758,-0.834386,0.093682,-0.975394
0.862227,0.622755,0.102725,-0.282595,0.016933
0.002191,1.064227,0.534657,0.073937,-0.388963
-1.206412,2.206479,1.043604,-0.245583,-0.214333
0.319302,-0.714711,-0.912983,-1.404071,-0.637053
1.13805,0.818185,-1.401232,-0.554846,-0.856669
0.687495,0.330783,0.165227,-0.265397,-0.056333
-0.640791,0.469377,0.435052,0.237808,-0.369521
1.292808,0.895958,0.463798,-0.537305,0.201925
-1.442296,1.703751,0.740724,-0.974112,-0.326557
0.049822,0.217852,0.315071,-0.080154,-0.46806
0.249566,0.964202,-0.412627,1.397266,-0.007886
-0.381309,0.97138,1.305419,0.935045,-0.187379
-0.185451,-1.059276,-0.124753,0.125285,-0.165842
-1.460384,-0.869614,0.925895,0.988201,-0.710501
-0.461198,-0.132881,-0.169671,0.152632,-0.588765
-0.199761,-0.211364,-0.924497,-0.557917,-0.810511
0.009942,-1.135691,0.648715,0.967701,-0.048437
0.451521,0.892996,0.302151,0.741143,0.393489
-0.887482,1.690486,0.597988,-0.019438,0.011107
-1.567641,-0.07786,0.324875,0.370244,-0.157086
-0.22758,1.258387,0.988267,0.763566,-0.35375
0.717456,0.036675,-0.955683,-0.901824,0.018419
-0.224549,-1.319785,0.015037,-0.707918,-0.203183
-0.848831,-0.140384,-1.057589,0.428002,-0.727593
-2.885949,1.060517,0.97455,1.3876,0.791914
-0.115043,0.228597,0.689647,-0.284712,1.111289
-0.081591,0.040922,-1.134301,-0.493155,-0.973022
0.610859,-0.07208,0.141697,0.246776,0.411565
1.793861,-0.352934,-1.156647,-0.205217,0.852468
-1.047975,0.252672,0.2438,0.053779,-0.046297
1.282224,0.027148,0.766499,0.440286,0.403521
-0.145516,-1.83886,-0.097438,-0.526096,0.00693
-1.209472,-0.167484,0.581222,0.328419,0.420378
-0.787386,0.747475,-0.234801,0.686251,-0.065286
-1.085428,-0.124029,0.942799,1.577616,-0.05575
2.041001,-0.012459,-0.129336,-0.121851,-0.059041
-0.406412,0.4453,0.607648,0.860732,0.973194
-0.308788,0.978353,0.928372,0.149744,0.672592
-0.044574,-0.855214,-0.709342,-0.741022,-1.518655
-1.666896,-0.126972,0.303533,0.36846,-0.354126
-0.828668,-0.011402,0.583529,-0.346748,-0.809609
-0.187658,-0.917432,-0.808928,-0.992014,-0.799416
0.175184,-0.556671,-0.09993,-1.150212,1.055831
-0.158126,1.032068,1.520337,0.924937,-0.028531
0.760273,1.378929,-0.669011,-0.834558,0.632026
3.141617,0.121171,-1.015211,-0.710898,-1.440861
-0.778451,-0.294102,-0.3442,-0.009508,0.124
0.44461,0.862341,0.295903,0.988503,-0.314105
-0.36143,1.511589,-0.365284,0.222073,0.178811
0.253292,0.123246,1.0963,0.837452,1.039568
-0.940766,-0.90171,-0.236285,-0.284239,-1.097555
-0.541787,-0.062676,0.665144,0.363921,0.783212
-1.113902,0.380101,0.722539,-0.610842,0.611212
0.47549,0.621169,0.339867,-0.583054,0.590136
-0.126023,-0.105345,-0.128823,-0.300425,0.157304
-1.014582,-0.42024,0.134504,0.320278,-0.87419
-0.793417,0.246982,0.515203,-0.469509,1.000306
0.326593,0.345017,-0.757139,-0.597255,-0.334267
-0.690186,-2.370848,-0.726828,-1.273844,0.034913
-0.483029,0.240729,-0.02315,-0.084688,0.677841
1.997879,2.044423,0.003655,-0.339053,-0.00137
0.73761,-1.939197,-0.815876,-0.914387,-0.302477
0.394616,-0.896278,-0.730608,0.738271,-0.737774
0.024003,-0.315851,-0.54969,-0.338659,0.007939
-0.761701,-0.966174,0.212099,-0.75941,-0.279985
-0.840007,-0.187837,0.590118,1.143025,-0.640641
-2.281885,1.451282,1.089485,0.427478,0.739713
-0.087829,-0.877603,-0.467594,-1.287588,-0.352768
-1.570184,1.344575,0.932655,0.440524,0.656609
0.566274,-1.067487,-0.481261,-0.693403,0.991846
-1.621468,1.203133,0.976581,1.20605,0.073295
-0.110183,1.062406,-1.106094,0.832691,-1.317988
0.088669,-0.034135,0.692986,-0.473106,-1.041573
-0.1489,-0.858893,0.990664,1.252938,0.066207
-0.43682,0.451539,-0.794054,0.833383,-0.875055
1.829753,0.961373,-0.92686,0.170799,-0.495467
-0.920416,-0.940943,-0.949704,0.57571,-0.123181
1.106709,1.817679,0.008492,0.123578,0.974378
0.126207,4.646952,1.487142,1.144822,1.200822
0.493356,-0.753261,-0.043143,0.164858,1.09263
1.932208,-0.755761,-1.056604,-1.245227,-1.151876
-0.453253,-0.202719,0.833262,-0.218881,0.810362
0.407571,-1.629998,-0.405924,-1.221278,0.158709
-0.198999,-0.74361,-0.815514,-1.468686,-1.187956
-0.604457,0.22719,0.328819,-0.081948,0.329899
1.700426,1.531633,-0.983537,-0.561317,-0.130925
0.673416,-0.194071,-0.411993,0.269856,-1.084639
-1.564732,0.718027,0.426421,0.711176,0.336816
2.880658,-0.255776,-0.963383,-0.92003,-0.416634
-0.667965,0.557035,0.215653,0.51331,-0.120443
0.835488,-1.129808,-0.973533,-0.439702,-0.24893
0.676975,-0.188286,-0.550146,0.363034,0.16051
-0.623216,-0.011807,0.320489,0.561698,0.649381
-0.409108,-0.123014,1.111587,1.520839,-0.741185
-0.136493,0.869677,1.393851,0.78783,0.876914
-0.078026,0.307105,1.26177,0.792287,-0.718162
-0.595723,-0.952698,-0.873428,0.371867,-1.138203
0.030987,2.343711,0.197974,0.113386,0.60507
-0.839482,-0.313863,-0.589949,0.136003,0.113578
-0.933649,1.289652,0.513872,0.373241,0.703967
-1.154869,0.840476,1.064347,0.847864,-0.486596
-0.956351,-0.875662,-0.846281,0.259417,-0.622769
-0.865232,0.158063,-0.169418,-0.830554,-0.109213
1.117998,0.567233,-0.45468,-0.698415,-0.526154
1.292942,-0.636258,-0.981561,-0.909466,-1.000236
1.383559,0.399507,-0.193667,1.023635,-0.577032
1.675557,1.43111,0.230922,0.990921,0.68949
-0.125354,-2.528497,-1.993774,-1.250386,-0.484436
-0.837904,-0.135587,0.683598,1.011869,-0.044721
-0.615685,-0.072081,-0.080471,0.724485,-0.824305
-0.036352,1.473241,0.024015,0.105834,0.168473
-0.741783,-0.880126,-0.550671,-0.038842,-0.755686
-0.676522,0.038243,1.03642,0.530236,0.640747
1.027637,2.350378,1.453492,1.595197,1.145468
0.314302,0.047821,-0.501088,-1.148721,-0.224929
-0.116981,0.970245,0.446962,-0.684683,0.597544
0.404253,-0.579175,0.571428,0.8011,0.361989
1.171657,-1.22768,-0.294488,-0.44449,-0.305891
-0.421086,-0.089856,0.234839,-0.182338,0.289975
-0.460996,-1.218836,-0.700812,-0.014793,0.265443
0.49122,-0.230359,-0.212311,0.240074,-0.173668
0.25101,-1.64667,-0.945956,-1.468864,-0.128719
1.215803,2.496082,1.067845,0.640345,0.655039
-0.950656,0.98098,-0.45289,-0.81972,0.789738
1.285354,-1.135901,-0.255645,0.34875,0.158653
-1.452314,-1.375783,-0.550122,-0.242067,-0.649402
-1.135342,0.536203,0.800722,-0.24631,-0.25175
0.459492,0.200465,0.179894,0.924203,-0.875811
-1.073676,-0.551706,1.188355,0.700228,1.424704
0.751305,-0.006448,-0.178741,-1.260023,0.421179
-1.024066,-2.096735,-0.413313,0.276458,-0.341717
-0.935398,0.108937,-0.264054,-0.700355,-0.750185
0.086607,0.121388,0.804079,0.228493,-0.27068
1.32075,0.927949,-0.843253,-0.450184,0.984784
-1.672756,1.257714,0.020654,0.06157,0.907185
-1.382404,-0.117004,0.238681,0.287172,0.521023
-0.052128,-0.433204,1.190537,-0.233532,0.340969
2.184176,1.341275,0.11325,-0.058995,0.521207
1.467622,-0.205218,-0.286056,-0.332415,-0.589882
-0.103428,0.35771,-0.214937,0.564937,-0.713664
-0.448802,0.022552,0.312482,-0.786322,0.331717
-1.111163,-0.265724,-0.088288,-0.271906,0.898354
2.139313,0.84798,-0.755756,-0.396186,0.626726
-0.471198,-0.812701,-0.666396,-0.244938,-0.941488
0.740866,1.068982,0.255416,-1.117146,-0.213324
0.178556,-0.026721,0.412,-0.870212,1.202869
-0.620639,0.218369,-0.171461,0.182386,1.017521
-1.974761,-0.851124,0.820104,0.652966,0.300378
0.678126,0.93901,-0.920548,-0.825812,-0.973458
-0.050395,-1.906324,0.819807,0.648825,1.466508
-0.868182,0.529115,0.545087,0.270711,-0.086419
-0.008703,-0.119052,-0.360062,0.707432,-1.03752
-0.090959,-0.198505,-0.328253,-0.591647,-0.046365
1.270079,0.225101,0.585352,0.173277,1.059115
-0.537848,0.81046,0.698792,0.238929,0.969453
-0.415383,-0.272621,-0.396046,1.367491,1.571212
-0.220383,-0.359466,-0.26956,-0.295626,-0.126374
0.476951,1.966976,0.084263,-0.535576,-1.159112
0.235907,-0.169317,0.585224,0.133347,0.423133
-1.477547,0.314679,0.089966,0.184898,0.31505
-0.534468,-1.503169,-0.799759,0.291033,-0.5089
1.271343,-0.969804,0.18008,0.197864,0.898542
-1.097329,0.065607,0.34229,0.541529,-0.197341
0.794507,0.952936,0.828082,0.319528,0.614509
0.602892,-1.509037,-0.155299,-0.15646,-0.05992
1.79091,-0.958162,-0.951844,-0.346575,-0.760101
0.72783,-0.428213,0.04632,1.039314,0.750781
-0.270549,-0.336049,-0.027052,-0.413804,-0.540531
0.395713,1.587867,-0.108967,1.101046,1.376779
-1.071197,-0.55529,-0.890634,-0.070478,-0.350743
-0.293083,1.202791,0.481586,0.021367,0.696182
-0.242669,1.661111,0.379492,0.393066,-0.743529
-0.966381,-1.137188,-0.104958,-0.910494,0.107331
0.348871,0.364369,-0.187211,-0.392842,0.128909
0.805735,-1.082343,-0.645861,0.033387,1.096971
-0.889066,-1.026136,-0.629318,-0.697952,-0.529061
-0.354961,0.873638,0.977337,0.284897,-1.03436
-2.788886,0.176702,-0.277721,-0.647995,-1.266741
0.986943,-0.016332,-1.37855,-0.65269,-0.627494
1.277839,0.612442,-0.174532,1.241711,0.589411
0.723973,0.427736,-0.176284,-0.749487,0.131379
-0.612623,-1.536837,-0.12991,-0.247276,-1.234961
1.365425,-0.37098,-0.426016,0.599253,-0.613468
0.122419,-0.433618,0.828475,1.375006,0.754912
0.79797,0.044559,0.144298,0.792661,-0.128782
0.740036,1.305452,-1.029281,-0.537635,-1.07847
-1.604629,-1.377775,0.116267,0.778975,-0.099407
0.694927,0.921999,-0.147297,0.736171,0.112871
0.245451,0.735662,-1.16305,-0.992801,-1.20164
1.641887,0.373644,0.236799,0.937357,0.966372
0.312985,0.176352,-0.518765,0.434113,-0.432218
0.20672,-0.818074,-1.041893,-0.213765,0.122417
-0.692736,0.356924,-0.880096,1.117876,-0.872307
-1.133943,-1.065532,0.805526,0.753527,0.32973
-1.497618,-1.307966,0.526519,0.643106,-0.68227
-2.368329,0.574663,0.925991,0.997871,0.246064
-0.245937,0.327647,1.061173,0.890029,-1.175209
-0.650035,-0.396899,0.116104,0.883623,-0.506583
-0.936606,-1.279492,-0.455125,0.460062,0.262668
0.365278,-0.130375,0.667265,0.388571,1.502321
1.293597,1.263905,0.768162,-0.305983,-0.888952
-0.437445,1.315928,1.1534,0.466782,0.286427
-2.660893,0.157852,1.137104,0.717593,-0.253491
0.652837,-1.600507,-0.784926,-0.134062,-0.668291
-0.873483,-0.552306,-0.594656,-0.252392,-1.144558
-0.287216,-1.923202,-0.779897,-0.222299,-0.392694
-0.679152,-0.386915,0.738066,0.539566,-0.207789
1.973813,0.807473,-0.736952,-1.148602,-0.386883
-0.010519,-0.543969,-1.36557,-0.792576,-0.192974
0.104251,-2.213742,-0.896492,0.284404,0.847808
0.064868,-1.582459,0.182032,0.732737,-0.400168
-1.160606,0.799475,1.078307,1.034827,0.883247
1.268853,0.917602,-0.460465,0.731524,0.116021
0.321407,-0.118554,-0.106642,-0.300775,-0.192254
-0.380889,-0.242677,-1.655281,-0.326113,-0.394311
-2.185007,-0.401762,0.608174,1.162041,0.509371
0.990787,-0.473264,-0.552582,-0.462819,0.275008
-0.58042,-0.652913,-0.30367,0.788804,-0.944276
0.121425,-0.121694,-1.20786,-0.680616,-0.376135
-1.338416,0.779383,1.159672,0.028927,-0.360876
0.841466,0.921166,0.453026,-0.383685,-0.250847
1.309386,0.355345,-0.285741,-0.050192,0.650793
1.076794,-0.089915,-0.462648,-0.443083,-0.799023
0.742486,-0.151336,-0.55436,-0.495797,0.137069
-2.688483,0.295532,0.951244,1.017966,-0.427636
-1.63393,1.867189,0.205662,0.21859,0.182002
-0.647042,0.63547,0.367943,0.613467,1.211983
0.901566,-0.101458,1.046806,0.40291,0.832458
0.748316,-0.995593,-0.767075,-0.495943,-0.224766
0.738888,0.247202,-0.108472,0.927921,0.298461
-0.6178,0.369689,0.933394,0.68749,0.389874
-0.726469,0.346678,1.047448,-0.201795,0.309919
0.063751,0.052205,0.46745,-0.40426,1.1941
-1.306011,-1.68534,-0.174842,-0.269887,-0.613914
-1.826266,1.562344,0.816203,0.581087,1.180578
-2.577989,-1.133647,0.434596,-0.01293,1.017993
-0.478499,0.732365,0.022425,-1.514219,-0.101311
0.866975,0.26831,0.068732,-1.193146,-0.608136
-0.811847,0.784233,0.424075,0.820132,0.239716
1.259974,0.421518,0.16974,0.671559,1.009902
-0.336102,0.203681,0.127147,1.066914,0.793014
-0.811777,0.253731,0.202187,-0.263306,-0.577158
-0.709363,-1.130465,0.044667,0.606005,-0.505857
-0.146841,-0.298004,-0.822541,-0.954377,-0.221624
-0.207415,-0.098951,-0.012754,-1.348175,0.130868
-0.397114,-1.000107,-0.045064,0.702974,-1.329844
-0.349128,1.192718,1.670024,1.383098,1.103977
-0.124385,-0.500672,0.992046,0.365066,0.89419
-0.329255,3.797167,1.058433,0.655492,1.027934
1.89489,-0.257866,-0.85238,0.835663,-0.894608
0.472705,-0.169588,0.18042,-0.531722,1.092012
-0.646291,1.055398,1.305454,0.73837,0.806969
0.50314,1.14074,0.405591,-0.502072,-0.633782
-0.314511,-0.522272,-0.545344,-0.354891,-1.130128
0.247181,-1.033083,-0.473654,0.050445,-1.019551
-0.242228,0.620971,1.603992,0.045942,0.641295
0.645071,1.021376,1.447067,0.67234,0.724053
-0.226906,-0.348975,-0.405595,-0.207782,0.199314
-2.16207,0.770586,0.77216,-0.479695,0.048995
-0.158752,0.255282,0.515538,0.216737,0.766103
-0.392972,-0.718549,-0.669403,-0.117682,0.081176
-0.797183,-0.073233,-0.513961,0.360091,-0.502823
0.277679,0.241199,0.414952,0.048588,0.108119
-0.150845,0.39178,-0.016536,-0.613369,0.094794
-1.140353,0.802577,0.867356,1.08248,0.756287
-0.224272,-1.004333,-1.329592,-0.147005,-0.426554
0.932366,0.883482,0.068076,0.630915,-0.299574
-1.036185,0.703149,0.140135,-0.015604,-0.321172
0.308419,-0.529766,-0.329545,-1.253578,0.986274
-0.189042,1.269021,0.996106,-0.502815,-0.746004
0.887187,-0.161786,-0.36249,-0.008626,-0.664138
-0.947207,-1.829879,-1.032293,-0.586584,-0.640399
0.776026,-0.706931,-1.138525,-0.572938,0.252744
1.076835,2.096016,0.520521,0.912939,0.313893
-0.760139,0.401396,0.647662,0.64707,-0.711857
-0.059383,-0.984503,-0.858831,-0.759007,-1.282123
-0.048041,-2.660416,-0.344349,0.279754,-0.152227
-0.103748,0.86088,-0.261592,0.538228,-0.927379
-1.208122,-0.073847,0.148603,1.03312,-0.485283
0.151361,0.538968,1.154745,0.801253,-0.046971
-0.424535,-0.355094,0.53267,0.194356,1.067788
-0.195825,-0.187193,-0.480182,-0.654054,-1.089882
0.176022,-0.006375,-0.544307,0.493583,-0.435125
0.01575,0.205133,1.005169,0.128756,0.091949
1.263597,-1.511738,-1.203764,-0.318096,-1.076758
-0.071618,-0.680489,0.456839,0.473037,-0.658602
-0.662774,0.840725,-1.116621,-0.330884,0.447932
-1.248256,-0.01016,0.501438,0.06542,0.943576
1.343661,-0.563174,-0.322286,-0.697407,0.652798
-0.895329,0.565274,0.942983,1.24678,-0.250814
-0.610312,-0.237933,-0.032978,0.773068,0.556915
0.073026,1.001241,0.568842,0.752615,0.53401
0.117825,0.756269,0.273475,0.47523,0.941531
0.600099,1.04904,0.659507,0.822189,1.367912
0.560753,1.207933,1.200484,0.794102,-0.656975
-0.290278,-1.923466,-1.21435,-1.26611,-1.572418
-0.207645,1.146571,0.155815,-0.112562,0.55605
1.251194,0.236703,0.951632,-0.696198,1.270471
-0.72663,-0.436449,-0.737364,-1.256909,-0.715876
-0.205788,-0.130029,0.086586,-0.41763,1.171889
0.730485,0.380519,-0.05564,0.649134,-0.400511
0.081087,-1.698315,0.384938,1.039875,0.00627
0.796461,0.012044,0.088239,-0.68011,0.49383
0.316907,1.354284,0.903815,0.715125,0.794597
0.37207,-1.312361,-0.24098,-0.401855,-0.913038
1.168417,0.009728,-0.938604,-0.857815,0.717591
-1.754427,-0.29816,-0.063166,-0.447955,-0.542622
1.469704,-0.11321,-0.795854,-0.696097,-0.104962
1.202963,0.161657,-0.793133,0.066882,0.401935
-0.848493,-1.417222,0.596214,0.955537,0.630851
-0.575938,0.813844,0.534064,-1.503384,-0.309968
1.442197,0.122083,0.114786,-0.801889,0.262202
0.057386,-1.930345,-0.460616,-1.054205,0.902784
0.812495,0.204747,-0.809288,0.139181,0.027267
-0.885375,0.072564,0.851499,1.495476,1.194024
-0.548259,0.52226,0.157303,0.996224,-0.088735
1.931392,2.241487,-0.662965,-0.638266,-0.360884
0.44357,-0.013604,0.046732,0.67798,-0.857726
-0.174479,-0.555932,-0.294637,0.173751,-1.005958
0.340793,0.16802,0.100657,0.411937,0.276883
1.022102,0.448635,-1.451986,-0.335129,-1.090354
0.493162,0.089602,0.765059,1.418171,1.336842
-0.809551,0.153703,-0.179554,-0.532555,0.534828
0.874245,-0.155468,-0.518755,-0.925158,-0.256917
0.054813,-1.703493,-0.590485,0.507633,0.179798
0.645184,0.452416,-0.361554,-0.467844,0.115105
1.078315,-0.341254,-0.086612,0.260216,0.900111
0.276769,0.261498,-0.139845,-0.304303,-0.056523
-3.099681,0.546643,0.275421,0.217371,0.447837
0.392741,0.05014,0.111933,-0.294366,-0.394539
1.035998,0.155488,-0.22694,-0.899082,-0.092811
0.760841,-1.749994,-0.919452,0.614776,-1.707673
-1.290522,0.773933,-0.039093,0.582242,0.341875
-1.320244,-0.745445,0.064785,0.799465,-0.382523
-1.350965,0.692885,0.690192,1.0087,0.625534
-0.480452,-0.417625,-0.375062,-1.67445,-1.545936
-0.316251,0.882711,0.923534,-0.024384,0.263615
0.818722,0.905365,-0.279087,0.795721,-0.332253
-0.115297,-1.714874,-0.341172,-0.691429,1.002035
0.329823,-0.329529,-0.144678,1.080748,-1.204766
-0.612596,0.026473,0.379339,-0.478795,0.084334
-0.043566,0.933328,0.510644,0.648647,0.028172
-0.304795,-0.130373,0.434301,0.510081,0.033202
0.416644,-0.044761,-0.236778,-0.197683,0.083868
-1.570531,1.075994,1.006372,0.618739,1.001645
-1.868697,-0.288962,0.660803,0.166539,0.688899
0.880675,0.014891,-0.33086,0.232876,0.781219
-2.051916,-0.336076,0.093129,-0.559299,0.152133
0.912007,-1.11734,-0.818516,-0.392305,-0.954174
0.484542,-0.20076,-1.068136,-0.46313,-0.663596
-0.535803,0.677072,1.146846,0.670031,0.42724
1.730019,0.233157,-0.72946,-0.141028,0.355341
1.021014,0.924692,-0.727239,-0.133195,-0.736773
-0.946277,-0.070453,0.922284,0.556372,0.743578
0.795076,-0.507703,0.204325,0.06487,-0.784767
0.432905,0.714446,0.585325,1.354772,0.305797
-1.319991,-0.328525,1.175804,0.489112,0.951768
0.506239,0.174393,-0.872064,0.336744,-0.770746
-0.400577,0.167677,-0.769496,0.454463,-0.693324
-1.088107,-0.667159,-0.787438,-0.157656,-0.761517
-0.657174,-0.914336,-0.701734,-0.719232,0.282423
-0.771718,0.556873,-0.268416,-0.743247,-0.683355
-1.003874,-0.013249,0.108015,0.400405,0.84437
0.318026,-0.74201,-0.152594,0.907808,-0.781738
0.654811,1.91098,1.043679,0.736714,-0.174721
0.392545,1.149827,0.505395,0.337771,1.259982
1.13215,0.008889,-0.405931,1.013106,-1.083904
-0.53878,0.744026,-0.083278,-0.048001,0.668603
1.490592,-0.722438,-0.472475,-0.811923,-0.610165
0.194809,0.614939,-1.135151,-1.157998,-0.782953
0.279557,-0.059649,-0.567924,-1.121934,-1.316448
0.721872,-0.328869,-0.663774,-0.92186,-0.959573
-0.363367,-1.142967,-0.876545,1.081798,-0.219376
0.313959,-0.891107,-0.367637,-1.026302,-0.882933
-0.557338,0.135336,1.386902,0.557342,0.858458
0.569945,-0.82294,-0.886651,-1.096519,-0.338462
-0.532113,-1.573043,-0.057145,-0.42601,0.303698
-1.450337,0.837741,0.898869,0.531218,1.189083
-1.035197,2.000805,0.85262,-0.353163,0.81086
-0.185041,-0.814029,-0.764613,-1.221314,0.354045
-0.834699,0.289642,-0.366013,0.113233,0.42059
2.670818,-0.490395,-1.458985,-0.262622,-1.153103
1.008429,-0.408224,-0.947934,-0.59033,-0.613911
0.904423,-0.303778,0.244219,0.722541,0.988561
-1.064504,0.947567,0.131405,0.559989,-0.36973
0.886458,-1.610423,-0.237954,0.685156,-0.572718
-0.699208,-1.05665,0.050077,-0.038016,1.229191
-1.146044,0.359508,0.08909,-0.317908,-0.017231
-1.572207,0.172997,1.096907,0.794922,0.441328
2.068975,0.898483,-0.511783,0.64112,0.651292
1.201917,0.831946,-0.240824,-0.339208,-0.104913
0.815497,-2.181432,-0.776035,-0.481152,-0.678765
0.300091,0.574364,0.649992,-0.00806,0.24784
-0.150346,0.391593,-0.318795,-0.676972,-0.081242
0.175561,0.697242,-0.231648,-0.019393,-0.330258
1.651194,-0.292819,-0.72316,-0.973119,-1.123216
0.23863,1.110567,0.40588,0.977593,1.209908
-1.272522,-0.24495,0.20778,-0.778281,1.083091
-0.152955,-1.884459,0.783003,1.309553,1.301838
-1.274984,0.083075,0.507226,1.019623,0.7363
0.84422,-1.256593,-0.352389,0.3713,0.619396
-0.340932,-0.333915,0.660372,0.071746,0.435788
0.987349,0.032498,-1.163572,0.676672,-0.646741
-0.712408,-0.854228,0.355799,0.583302,0.29222
0.426442,0.439565,0.658646,-0.411344,0.469936
0.57241,-0.410432,-0.474065,-0.267741,0.298741
-0.174157,-0.168025,-0.295416,-0.334705,0.332629
0.575577,-0.481135,0.768348,-0.461038,0.503985
-0.479758,-1.000971,0.799785,0.195594,1.331696
-0.837183,0.41007,0.817339,1.1444,-0.282472
-0.341121,0.151092,-0.217947,1.182412,-0.750511
0.817992,1.158899,-0.417473,-0.4803,-0.993605
1.733053,0.886827,0.562986,0.754242,0.793724
-0.577608,-1.202264,0.031053,-0.325182,-0.167389
-1.513105,0.329025,0.381595,-1.070559,0.421224
-0.74534,0.18487,0.3199,0.351899,0.070439
0.496835,-1.462561,-1.33396,-1.159648,-0.304887
1.14761,0.262481,-0.934118,-0.54272,0.180234
2.656366,1.56413,0.76387,-0.244472,0.432226
-1.822867,-0.440515,-0.526633,-0.620098,-1.124849
2.374785,0.865239,-0.211973,0.112534,-0.384472
-0.435083,-0.465447,-0.18347,1.250791,-0.278572
0.120944,0.656217,0.568052,0.452624,-0.238449
0.210034,0.335609,0.05354,-0.199194,0.80412
-0.685852,-0.393924,0.727729,1.503197,0.973353
-0.581176,-0.772314,-0.806727,-1.192983,-0.214654
0.077561,-0.681526,-0.144753,-0.463914,-0.860292
-0.555558,-0.338919,-0.259141,0.302469,-0.177131
0.996906,1.433829,-0.19487,0.144579,0.540645
2.401765,0.498383,-0.64428,-0.573834,0.446604
-0.37457,0.394272,-0.447921,0.613049,-0.448534
-0.759141,0.049394,-0.890684,-0.631215,0.197815
1.056267,-0.852908,0.001657,0.451493,-0.558174
-0.425718,0.223567,-0.083329,0.848813,0.045263
-0.126503,0.844718,0.910969,0.904051,1.444379
0.130792,1.088989,0.720852,0.721668,-1.582278
-0.678382,-0.514778,0.488701,0.708737,-0.397752
0.754433,1.164493,0.835007,-0.250867,0.671966
-0.591321,-1.047793,0.204396,0.674451,-0.211476
-0.230348,0.993729,-1.162546,0.234093,-0.270327
0.760698,-0.095922,-0.342612,-0.072628,0.932427
-0.610124,1.380738,0.553765,-0.270841,-1.372769
-1.147518,0.170139,-0.638139,-0.581612,-1.303748
-0.092184,-0.866383,-0.911441,-0.592614,-1.213912
-0.354632,0.610774,-0.161081,0.78673,0.163647
0.629786,-0.40345,1.083472,-0.379559,0.147655
0.123751,0.356338,0.498274,1.353811,-0.114753
0.510421,-1.069624,-0.650201,-0.932357,-0.778122
0.108834,0.069251,-0.472996,0.939904,0.393514
0.625259,0.610613,-0.819354,0.118866,-0.195088
0.641056,-1.065644,-0.813884,-1.594228,-0.533158
-0.199088,1.361154,0.758338,-0.025929,0.509475
-0.567835,-1.27555,-0.608319,-0.95442,-0.499521
-0.94204,0.362014,0.631217,0.402039,0.173348
0.682657,-0.497449,-0.642531,-0.637926,0.096396
0.871901,0.402344,-1.147022,-1.374342,-1.135417
1.213173,-0.993624,-1.237179,-0.719122,-0.581341
0.031015,0.757968,0.040781,-0.504408,-0.464345
0.078202,1.078918,0.71727,0.301481,1.327007
-1.094091,-1.271803,-1.113521,0.166573,0.927818
-0.799435,-0.447966,0.343772,1.100878,1.119556
0.987284,-1.438393,-1.020546,-0.393294,-0.826908
1.43234,1.063737,1.346108,0.686466,0.937228
1.246055,-0.449053,-1.108269,-0.006673,-0.684768
-0.006368,-0.109531,-1.006744,-0.098052,-0.151206
-0.381542,0.040572,-0.508423,-0.908552,-0.786519
-0.702792,-1.968843,0.61416,-0.261338,0.599662
0.165181,-1.406982,-0.824585,-0.510592,-1.002434
1.750201,1.211501,-0.471134,-1.063856,0.322604
0.731556,0.981154,0.643005,0.755833,0.083247
-0.575067,-0.409309,0.490243,0.389046,0.269168
0.500185,0.374797,0.170937,-1.596183,0.706895
-2.317312,0.977816,1.544141,0.793977,0.356787
-2.952983,0.80447,1.071539,0.099812,0.335842
1.040168,1.193889,0.39604,0.47472,-0.00802
-1.477294,-0.29015,0.070732,0.888952,-0.102702
0.331153,0.064611,0.16457,0.273294,-0.850782
0.582083,-0.376029,-0.335866,-0.498164,0.839366
1.45951,0.340343,-1.305693,-0.914344,-1.044767
0.322553,0.676569,0.592292,0.278638,1.380507
1.021811,-1.732352,-0.911496,-1.366161,0.141457
-1.217852,-0.949525,1.256061,1.087282,0.948335
0.581839,1.805775,0.087363,-0.287566,0.645512
-1.225967,-1.871442,-0.577969,0.561241,-0.387956
-0.574248,0.860739,0.222128,-1.658562,-0.119562
-1.221636,-0.086906,0.793695,1.598276,0.297152
-0.127244,-0.548915,1.124842,0.65942,0.448009
-0.841355,-1.09502,0.546468,1.430344,0.503005
-0.253499,-0.009006,0.797613,0.421753,-0.851394
-0.5789,-0.193109,0.578031,0.784828,0.477403
-0.819123,-0.624334,0.601654,0.447491,-0.059778
-1.80356,-0.478912,1.725537,0.808098,0.83323
-0.50971,-0.955369,1.155848,-0.440584,0.515295
0.76226,0.560741,1.701792,0.227115,0.665955
0.760195,0.822532,0.849075,0.147229,-0.790821
0.346257,0.519228,-0.542258,0.476271,0.362531
1.171477,0.556721,0.195103,0.205317,0.335941
0.271443,1.069826,-0.17817,-0.819539,-0.320644
-0.059528,0.336629,-0.489277,1.02323,0.676859
0.059877,0.008088,-0.817866,1.220778,-0.041356
0.757186,-1.889312,-1.0889,-0.702047,-0.630136
0.731881,-1.770299,-0.677681,-0.802909,-0.926068
0.665121,0.845113,-0.754408,-0.030576,-0.314419
-0.085673,-0.981684,-1.615057,-0.283489,-0.688853
0.031419,-0.702888,0.459023,0.306009,-0.164847
1.102954,0.183529,0.366963,-1.281463,1.168135
0.293072,-0.250634,-0.358604,-0.539121,-0.210651
-0.134986,2.074114,0.08415,-0.181608,-1.554237
0.793028,0.453,0.308566,0.901595,-0.259454
0.587905,2.275623,0.386392,0.327879,-0.023084
-1.425464,0.138692,-0.027513,-0.033439,-0.316446
-0.175336,1.294729,0.855535,-0.781219,0.247681
0.756642,-1.344014,-0.470888,0.377265,-1.222576
-1.32081,-0.002275,0.940706,0.035053,0.88504
-0.097193,0.769699,1.093265,0.660453,0.132837
-0.682133,1.100732,-0.351156,0.332015,-1.245112
0.127276,-1.830811,-0.340317,-0.816101,-0.456301
-0.704785,0.602765,-1.034597,0.555951,-0.572286
-0.682392,1.739148,0.74079,0.347866,0.789114
-0.176193,1.126544,-0.081042,0.743183,-1.178981
-0.364975,1.372108,0.237737,0.477056,0.110608
-0.597526,0.442052,0.126411,0.0406,0.233055
0.907467,-0.669351,-0.952548,-0.908864,-0.996096
-0.528952,-0.060919,0.834656,0.132812,0.523102
-1.173573,-0.479604,0.485894,1.659315,0.65165
0.548448,-0.178768,-0.602053,0.714491,-1.007925
-1.018922,-0.135215,0.461329,-0.912404,0.598706
0.004532,-0.362003,0.054551,0.110704,0.676618
-0.621965,1.191859,0.73959,0.081198,-0.727716
-0.61262,-0.588369,0.419479,0.582104,0.795199
-2.124015,-0.038617,0.612189,0.615383,0.709451
-0.413628,-1.629059,-0.527064,-0.632068,-0.391611
-1.54952,0.5184,1.021637,0.624315,-0.542127
-0.370371,0.242685,0.354399,-0.019981,-0.332051
-1.53585,0.899137,0.52121,-1.118308,0.143159
-0.575432,0.971852,-0.11573,-0.933669,0.275425
2.637309,-0.734903,-1.305163,-1.416361,0.292539
0.008924,-1.156216,-1.071296,0.370584,-0.468711
-0.859723,-1.843591,0.439116,0.513181,-0.417665
-1.194808,0.894697,0.420624,-0.032332,1.138916
-0.501106,0.265491,-0.019815,1.059864,0.577234
0.299316,-0.765504,-0.279594,-0.374302,0.773989
-1.015439,-0.327331,-0.621025,0.534201,-0.164963
0.657116,-0.325479,0.648561,1.218807,1.182586
0.511297,-1.409035,-0.279747,0.467198,-0.745039
-1.207616,-0.003063,-1.132849,1.231377,-0.295783
0.855995,0.287325,0.505759,-0.290753,0.870525
1.254399,-0.130545,-0.614838,-1.01473,-0.807967
-0.67201,-0.646385,0.949909,0.614804,0.051592
-1.522971,0.498,0.659537,0.573402,-0.012772
-0.296458,0.872075,1.35361,0.739712,1.377622
0.835528,-1.625075,-0.271403,-1.047593,-0.253066
-1.290651,0.80335,0.224625,-1.037187,-0.572651
0.865992,-1.05377,-0.675467,-1.00656,-0.472577
1.684441,3.256169,0.681059,0.270119,0.340401
-0.646832,2.138628,0.697398,-0.801654,0.854697
1.845305,1.212949,0.64888,0.610867,0.387694
-0.682346,1.03518,-0.336444,-0.545634,-0.435939
-0.980981,-0.531992,-0.082877,-0.59387,-0.552907
-1.722905,0.013694,0.17317,-0.103921,-0.662932
-0.678326,0.738036,0.365425,-1.316373,0.162452
0.139294,-1.546765,-1.437581,0.305575,0.018917
-0.984719,1.305179,0.488413,-0.02529,-0.234971
-1.787361,0.844323,0.54434,0.383404,0.309361
-0.078786,1.529581,0.473559,-0.813947,-0.317793
-1.454079,-1.167224,-0.386053,-1.064662,-0.374191
-1.169994,-1.083365,0.960999,0.220915,0.16615
1.456551,1.713843,0.781457,1.021695,0.333314
-1.400227,0.438448,1.054701,0.585112,0.134751
-0.457589,1.985256,1.111845,0.098868,0.555487
-0.25658,-0.643506,0.110088,-1.051195,0.511527
0.045163,-2.492782,-1.299625,-0.317626,-1.009409
0.157046,0.016545,0.686158,-0.553149,0.174187
1.031654,0.140067,1.301208,0.55315,1.021644
-0.090643,-0.997151,0.636676,-0.186455,0.417224
0.926891,-0.354406,-0.036833,0.278204,0.014352
-1.228966,-1.035546,0.92019,-0.860286,0.074388
0.391117,0.605681,-0.295441,-0.750009,-0.62929
0.43709,0.634351,-0.131919,-0.641907,-0.363756
0.771319,0.275097,-0.360539,0.237083,-0.829326
-0.158541,0.235593,-0.431713,-0.236079,-0.492403
0.755496,0.587377,0.129781,-0.236119,-0.848174
-0.571382,-0.308925,0.247708,-0.671415,1.021795
-1.670297,-1.281166,0.919266,0.958807,1.306141
-1.437422,0.957319,1.04771,0.384811,1.121882
-1.185072,0.551422,0.557034,0.258133,0.43499
0.387891,0.336903,-1.14365,-0.488913,0.194322
0.05659,0.648938,-0.37216,0.539338,-1.003018
1.24353,1.25355,0.744628,0.845925,-0.269104
-1.49541,1.581419,0.855966,0.999007,0.620299
-1.215553,-1.31933,0.03568,0.614622,0.651001
-0.113876,1.977248,0.339055,0.489746,-0.635341
-0.206436,-0.564773,0.36565,0.563738,-0.504339
-0.015811,0.637953,0.61624,0.275163,0.268679
-1.306151,-1.212122,-0.405657,-0.335787,-0.291533
1.868656,1.506128,0.719236,0.855166,-1.160229
1.763155,0.364113,0.217418,0.250298,0.810588
-0.562991,0.795101,0.619784,0.656713,0.227562
-1.407034,-0.301181,-0.76752,-0.624792,-0.508833
-0.540468,-0.471033,-0.196526,-0.398382,-1.107534
-0.915026,1.475517,1.299057,0.14744,-0.373154
-0.817003,-2.003832,-0.39853,-0.655723,-0.556148
-1.950108,-1.083011,0.166809,1.256862,-0.01386
-2.174182,0.162468,1.070958,0.444473,1.234739
-0.938685,0.274291,0.631414,-0.045967,-0.197674
0.563884,1.441159,0.866768,-0.68503,0.69336
0.7967,0.334393,0.195782,-0.29146,0.741118
0.130688,-0.012885,0.311425,-0.059138,0.972318
-0.731967,0.290827,-0.320588,-0.655572,1.088897
-0.160579,0.789008,0.749863,0.054556,0.519743
-0.820169,-0.026277,0.907322,-0.194524,0.884456
1.398558,1.293869,0.286985,0.233894,-0.67136
0.007506,2.679313,0.384392,-1.040155,0.856242
-0.850038,-1.328672,-0.239873,-0.400306,0.461855
0.857529,1.237707,-0.634098,-0.62976,0.467296
0.083659,0.24024,0.150559,0.045967,-0.543465
1.265209,1.351624,-0.018579,0.466525,0.010806
-0.88372,-0.031275,-0.059992,-0.344016,-1.376532
-1.014403,0.098282,0.576329,-0.110924,0.980356
-1.356328,-0.358419,0.542205,1.029095,-0.242989
-0.274009,-0.192174,0.196069,0.67944,-0.046348
1.818737,-0.581286,-0.667615,1.182567,-0.403781
1.108333,0.916268,0.94292,1.548498,0.553449
1.232809,-0.61013,-0.954681,-1.001629,-1.396134
0.248139,-0.89764,-0.699052,-1.092196,0.270524
-0.417296,-1.103849,-0.978128,0.737178,-1.093386
-1.503518,1.421506,1.132301,1.356,0.165443
0.533603,-1.542632,-1.245803,-0.488601,-0.739229
0.008621,-1.005559,-1.295311,-0.034539,0.12317
-0.796206,-0.241624,1.049079,0.32336,0.427889
1.827281,0.357304,-0.646525,-0.325495,-0.044471
0.044111,-1.707357,-0.710833,0.157261,-0.505321
-1.094592,1.340788,0.995791,0.833723,1.140923
0.859462,-0.020326,0.577419,-0.589629,0.765328
-0.792793,-0.061708,1.066196,0.406337,0.385285
-0.027035,0.451265,-0.245687,0.01448,1.31606
1.03714,2.120448,0.765472,-0.435187,0.797552
0.693202,1.315877,-0.172478,-0.804066,-0.269638
0.645825,0.430864,0.791765,0.385442,0.560204
0.101436,-1.079116,-0.363748,0.501032,0.163388
-0.594328,-0.375222,-0.251512,-0.581748,-0.897317
-1.438988,-0.654627,0.776797,-0.035098,0.925671
-1.09461,-0.118537,0.393603,0.961079,0.495792
0.695902,0.83817,-0.251243,-0.577518,0.654383
0.384631,-0.713641,-0.479198,-1.276241,-0.633063
-0.300819,0.704307,0.887239,0.879025,0.703932
-1.366147,0.198099,-0.054449,0.216224,-0.139916
1.627296,-0.462818,-0.705793,-0.135978,-0.203339
-0.568852,0.615522,0.525287,0.108535,0.38577
-0.685529,0.123943,-0.520349,-0.11545,-0.282229
-0.150022,-0.595593,-0.465644,1.650607,-0.464655
0.446558,1.183669,0.640913,-0.12227,0.471964
-0.538925,-0.10717,0.27375,-0.263393,0.123482
-1.727486,-0.009477,-0.242138,-0.994962,-0.528217
-0.609804,-0.692668,0.590074,0.521598,0.380973
1.079995,0.825887,0.100081,-0.314511,-0.811057
-1.140332,0.417204,0.583757,0.69189,0.557954
-0.55769,1.159562,0.07451,0.477595,-0.394102
0.194983,-0.18302,-0.283128,-0.670676,0.525035
-2.01979,1.019942,0.037082,0.141632,-0.031272
-1.164921,0.435676,0.326133,0.864783,-0.449888
1.837772,-1.663426,-1.094834,1.029603,0.653258
0.4395,-0.249822,-0.707735,-1.278495,-0.302142
-1.944573,1.634598,0.89984,-0.6629,-0.038022
-0.341036,2.630114,0.185338,-0.651832,-0.827654
0.851525,0.966148,0.815624,1.061231,-1.111412
-1.475069,1.964151,1.402169,0.152981,0.960901
-2.085439,0.551169,1.678771,0.879186,0.998678
-0.577825,-0.619615,0.083013,0.00094,0.414714
1.452711,-0.472437,-0.128695,-0.311485,-0.023021
-0.859288,-1.255559,-0.596942,0.169311,-0.321883
-0.684393,-0.89073,-0.037605,0.802421,-0.034246
-0.607145,-0.20177,-0.030961,1.222616,0.735835
0.480871,1.217062,1.189311,0.051209,-0.291118
-0.971829,1.797022,0.669753,0.781699,-0.991003
0.419373,-0.899473,-0.900366,-0.168567,-0.330919
0.170664,0.637994,0.32308,-0.402327,1.338091
-1.053685,1.336746,0.921911,1.243767,0.330091
-0.425465,-1.283985,0.933268,1.402644,0.76908
1.037389,1.53474,0.638642,0.950592,-0.027325
0.393534,-0.240137,0.964697,-0.096112,0.99634
-0.138734,2.539295,0.936246,0.791384,0.701433
-0.199346,0.014382,0.076977,0.694813,-0.521956
-0.122136,-0.485949,-0.495568,1.000386,-0.261642
-0.605537,-1.525296,-0.65907,-0.185314,1.004603
-1.537589,-0.219897,-0.030998,-0.224803,-0.956484
0.541602,-0.272655,-0.719191,0.239309,-0.47851
-0.030311,0.023193,-0.610024,-0.915287,-0.06399
0.86735,-1.506586,-0.825685,0.256393,0.667105
0.410847,-1.137924,-0.038356,-0.352752,-0.156792
0.476873,0.392505,-0.149222,0.309863,-1.466057
-0.402385,1.368787,-0.055924,0.269284,-0.806414
0.720746,0.400999,0.18791,0.319212,0.321015
0.344079,0.56158,0.527567,0.167162,-0.322573
1.133428,-2.258899,-0.93434,-0.253755,-0.964377
0.649018,0.223997,-0.735883,0.393138,-0.786209
-1.946821,0.988966,1.277048,0.329145,0.617939
0.848433,-0.82606,-0.826234,-0.484207,-1.073375
-1.525423,1.25456,0.929323,-0.205962,0.432163
1.398538,2.213696,0.599772,0.923731,0.284213
0.075658,0.782973,0.878069,-0.892122,0.726894
0.652165,0.254903,-0.193935,-0.104814,0.626535
-0.103226,1.395566,0.505944,0.685166,-0.059483
0.060964,0.384011,0.531571,0.670925,0.233829
1.421699,0.723137,0.629976,0.692265,0.243732
0.926683,1.959471,0.035361,0.23196,-0.750374
-0.747811,0.324763,0.909907,0.229222,0.898646
-0.421098,-1.303522,-0.403503,-0.19644,-0.382456
-0.45063,-0.090365,1.1171,-0.354488,0.56476
0.742623,-0.464966,0.525847,-0.528964,-0.839908
-1.066216,-0.023695,0.786429,0.327444,0.75047
2.515927,1.560604,-0.695426,0.404924,0.357931
0.580481,1.042182,0.813999,0.340347,0.643006
-1.105169,1.2089,0.787769,0.525505,0.46837
1.426572,-0.267695,-0.427426,1.160819,-0.18037
-1.900362,1.449155,0.652356,0.476998,-0.377638
-0.025139,-0.60481,0.896421,0.515704,0.853113
0.386048,-0.299819,-0.066125,-1.032918,-1.187634
-0.338477,0.924735,0.791404,-0.694324,-0.127073
-1.23427,0.79499,-1.072571,0.041697,0.58315
0.696216,-1.687272,-1.546172,-1.210367,0.093059
0.608909,1.075051,0.571917,0.913049,-0.833138
-1.335959,-0.194357,0.892218,0.835107,0.73382
-2.636117,-1.218476,0.550594,-0.511312,0.518067
0.680122,-0.452744,-0.457217,-0.353858,0.05955
1.225275,-0.930305,-0.523156,0.00927,0.244293
0.027083,-0.983599,-0.932652,-0.061794,-0.462574
-0.499811,1.553213,1.58471,0.561255,0.318963
0.261304,0.254228,0.321426,-1.542986,-0.547848
-1.394163,-0.488144,-0.176394,-0.757969,-0.532587
-0.049495,-0.940152,-1.028822,-0.396892,-0.535662
1.136322,1.540713,0.804499,0.690948,1.041034
0.123542,-0.865169,-0.427795,-0.380974,0.695039
-0.848753,-0.296145,0.577287,1.263908,0.509989
0.069616,1.865077,0.354089,1.559614,1.364493
1.276098,-1.079327,-0.502627,0.321749,-0.229792
1.299081,-1.58362,-0.818136,0.598697,-0.639983
0.071739,0.489869,0.518126,-0.374172,0.167313
0.260281,-0.038957,-1.08166,-0.50062,-0.490719
2.453623,0.896261,-0.103195,0.731908,-0.33788
1.0154,0.496128,-0.099801,0.277733,0.54477
-0.892243,-0.964351,-0.403212,0.830808,0.16659
0.633695,-0.178171,0.398544,0.778071,0.537512
-0.131734,1.68259,0.077227,0.542959,0.270146
1.073652,-2.562619,-0.920115,-0.839155,0.760623
-0.853972,-0.071679,1.354339,0.465755,1.244195
-1.312162,-1.133688,0.585454,1.58063,-0.08139
0.078189,-0.749726,0.226069,0.306465,1.117702
0.630469,0.543828,-0.12833,-0.56409,-0.058792
0.298071,-1.663179,0.053923,0.852418,0.422031
0.565053,0.359751,0.971753,0.034427,0.89122
-1.383749,1.399996,0.88626,0.561777,1.045586
-1.110712,0.7544,1.352097,0.823575,-0.050879
-0.436181,-0.622507,0.570286,0.782204,0.43257
0.318022,0.915195,1.011095,0.990891,0.699478
-0.513315,-0.741541,0.340243,1.356145,-0.3617
0.389146,0.322019,-1.116346,-0.915576,-0.08463
0.524295,0.137394,-0.791559,-0.579038,0.330472
-0.053396,0.114122,-0.437551,-1.191267,0.033496
-0.246462,-1.128457,-0.635799,-1.227834,-0.519754
-0.343935,0.517116,0.822328,0.660705,0.618372
-1.633118,1.179865,1.091851,0.60828,1.129839
0.914953,0.525558,1.040418,1.336061,0.914624
-0.315355,0.707986,-0.658579,-0.044845,-0.407859
0.639405,0.582494,0.92533,-0.184045,-0.739674
-0.19169,-0.928858,0.619781,0.087963,0.807349
0.597965,-1.109804,-1.004136,-0.341728,-0.433395
0.837849,1.58427,0.516119,1.010984,0.12274
0.043382,-0.425798,-0.367641,0.097081,0.009363
-1.531836,-0.938441,0.657878,0.044966,0.759222
-0.359518,0.050885,0.22527,1.161215,-0.519224
0.55513,-0.91055,-0.537873,1.124223,-0.870804
0.758812,0.748287,-0.189766,0.17281,0.599477
-1.266037,-0.285953,-0.254763,-0.236487,0.403694
-0.726986,0.942978,0.76464,0.644288,0.271606
0.324993,0.144523,-0.771152,-0.680033,0.823788
0.672149,-2.548565,-0.594979,-0.919433,-0.937986
1.42321,0.751026,0.957259,0.906051,0.781578
1.06715,-0.177101,-0.991059,-0.582889,0.676165
-0.70801,-0.299742,1.172419,0.686248,-0.31961
0.866109,-0.620647,-0.561124,0.530589,0.220154
0.399966,-0.890211,-0.614674,0.500627,0.158516
-0.093656,-0.551865,-0.186473,0.705578,-0.482188
-1.313446,-0.118693,0.785333,1.845547,1.081646
-1.006967,-1.486935,-0.741374,-0.642987,-0.293349
-0.370789,-0.5756,0.738872,0.143009,1.069616
-1.026467,0.623518,0.520709,0.120026,-0.350039
-0.222221,0.20509,-0.179946,-0.484195,0.880772
-0.621736,-1.287681,-0.532658,-0.705284,-0.522882
1.588343,-0.414245,-0.992011,-0.880919,-0.128918
-0.006937,-0.777016,0.37299,-0.181238,-0.703679
1.320425,0.712029,-0.683234,-1.284488,0.809978
-1.01651,0.464264,-0.322958,0.411384,0.788759
1.160276,-0.140137,-0.889732,0.116829,-0.841702
0.81188,-0.534526,-0.699458,-0.933731,-0.685012
-0.558195,0.770072,0.171301,0.463314,-0.113736
1.244157,-1.492815,-0.846142,-0.663946,0.570991
-1.205734,0.058765,0.375679,0.884992,0.415474
-0.200997,0.92717,-0.268388,-0.438713,0.262996
-1.464976,-0.706749,0.765295,1.008502,0.46787
-0.281913,0.79506,0.352983,-0.445089,0.635159
-0.536331,-1.362979,0.785868,-1.177182,-0.999751
0.195625,-0.458551,1.030891,1.102303,1.187584
0.317158,-0.831178,0.165154,0.915158,0.614666
-1.101329,0.899577,0.002136,-0.433176,-1.042084
0.089056,-0.28037,-0.562415,-0.75192,-1.691136
0.129985,0.97342,0.946865,-0.46447,0.857794
1.434245,-1.614888,-0.962778,-1.344128,0.796295
-0.208451,-0.097319,0.098873,-0.363378,0.792798
0.909162,1.690118,-0.192547,0.883656,-0.517364
0.207276,0.105964,-0.730325,0.258017,-0.566196
-0.353233,0.616737,0.656204,0.920683,0.825827
0.354393,0.699774,1.016327,-0.247102,0.65822
0.868052,1.110543,0.149682,-0.940325,-0.185151
2.105414,1.67022,0.332991,-0.932795,0.45274
-0.054475,-1.319674,-0.675023,0.233631,1.007054
1.07488,-1.729325,-1.247163,-0.271425,0.545282
0.333553,0.21109,0.700305,-0.351946,0.446624
-0.308227,0.419296,-1.153317,-0.75218,0.256571
1.080906,-0.549124,-0.286405,-0.412675,0.225004
-0.330278,0.01112,-0.145364,-0.759129,0.530756
-0.648786,-0.437681,0.182925,0.606861,0.230075
1.553399,1.551781,-0.381075,-0.681101,-0.688752
1.191892,-1.260923,0.299571,-0.905452,0.52359
-2.257336,-0.517819,0.634996,0.495946,-1.144709
-0.329124,-0.396371,-0.3585,0.281095,-0.900721
-0.963584,0.117168,-0.329537,-0.536781,-0.332982
0.739155,0.05703,-0.648103,-0.874819,-0.989296
0.001956,1.204983,0.592197,-0.034887,-0.366652
-0.039345,-2.239726,-1.152032,-0.9725,-1.251145
0.429894,0.991124,0.240914,1.020496,1.217889
-0.199293,-0.226433,-0.018626,0.379987,0.023201
0.525901,0.398239,-0.042789,-0.72939,0.001084
0.104248,-0.808531,-0.528459,-0.564309,-0.410172
0.188004,1.062469,-0.176389,0.182264,0.089763
0.247321,0.465595,0.242831,0.352059,-0.605294
0.364105,-1.238327,0.68581,0.175579,0.161817
0.065186,1.156738,-0.553406,-0.441568,0.720596
0.274361,1.097569,0.879971,1.02287,-0.36097
-0.895078,1.687884,0.985851,0.384437,0.319058
-1.465228,0.563964,0.717123,0.164954,0.82414
-1.315763,0.258701,0.24804,0.648113,-0.660194
-0.584486,-0.439729,-0.483845,-0.189083,-0.332541
1.287801,0.442042,0.55663,-0.619484,0.804683
-1.443774,0.428169,1.203264,-0.28265,0.286029
-0.855646,-1.917499,-0.845364,-0.191079,-0.279111
-2.28857,-1.388532,1.075816,0.503989,0.899201
-0.563847,-1.725391,-0.609381,-1.191111,-0.693906
0.40865,1.303663,0.496429,-0.533151,0.612769
-1.088056,-0.05357,-0.509572,-0.677006,0.763089
0.923078,0.533085,-0.153938,-0.744949,0.259869
0.492773,-0.764646,-0.505351,-0.80746,0.060498
0.346986,0.317075,1.215323,1.00538,0.338776
0.807702,-0.696486,-1.265318,1.103273,-0.641194
0.049202,0.227093,-0.782416,-0.951842,-0.587338
-0.929245,0.455438,1.129508,-0.201334,-0.493684
0.911649,-0.717847,-0.245108,-1.583713,0.505416
-0.424608,0.371111,-0.048485,-0.57312,-0.62431
0.392116,-0.416531,-0.608337,-0.681014,0.785173
-0.095145,-1.095708,-0.611469,0.707819,-0.72402
1.260087,-1.627019,-0.020362,1.305114,-0.428372
0.610219,-0.725306,-0.133498,-0.922993,-0.425074
-0.080589,0.397126,0.500114,0.227004,-0.53269
0.437334,0.436593,0.110356,-0.618498,0.166844
-1.021348,0.603997,1.16788,0.683791,0.904539
-1.461198,-0.823131,0.437787,-0.249656,-0.264697
1.171056,1.253675,0.126941,0.230978,0.961722
0.6448,0.365672,0.580597,0.986962,0.647253
-1.695321,-0.418376,0.42558,-0.645324,1.076476
0.079915,0.346375,0.205772,-0.04799,-0.143433
1.242303,0.268596,-0.630604,-0.460148,-0.84495
-1.027394,-1.525762,0.126572,1.069003,0.932902
-3.195387,-0.130134,1.758539,0.368328,0.84645
1.211797,0.095811,-1.082006,-0.820286,-0.698024
-0.24612,2.432271,1.096314,0.784574,-0.637752
0.309007,0.578418,-1.314259,-0.393118,0.486927
0.256875,-0.550673,-0.577288,-0.965279,0.122828
-1.453834,1.784224,0.95027,-0.420566,0.081182
-0.350708,0.036315,0.620967,0.151162,0.228801
-0.404619,0.084931,-0.205948,0.691197,-0.726797
0.239409,-0.614826,-0.834969,0.068386,-0.045537
-0.5864,1.542345,1.279864,0.717452,0.754382
0.137214,0.349252,1.014602,1.63594,-0.375731
-1.80079,1.262231,1.071866,0.499015,-0.114133
0.276176,-1.425446,-1.267906,-1.265115,-0.075279
0.816207,1.558832,-0.176134,0.331777,0.459686
0.483952,-0.465225,0.234167,-0.096731,0.668361
1.264058,-0.376372,-0.556391,-0.836181,-0.48483
-0.059565,1.420492,0.676699,0.718752,0.300241
-0.537742,-0.956451,-0.626604,-1.788115,0.504169
0.137653,0.384551,0.68923,-0.33714,1.7733
0.232156,-0.989359,-0.00914,-0.031926,-0.235164
-0.627844,0.347419,0.298246,-0.519162,1.202176
0.536279,-0.169027,-1.982568,-1.111416,-1.049075
-0.438578,-0.224228,1.005284,1.320014,0.74502
-0.53265,0.405588,0.315154,0.200568,-0.391848
0.091296,-0.432663,-0.667897,-1.180329,-0.868656
-0.529808,1.540043,0.482349,1.206604,0.442609
1.315792,-0.857441,-0.659676,0.114071,-1.433041
0.415992,1.340564,0.502817,0.601647,-0.590449
0.631897,0.418375,1.014453,1.357916,0.854094
0.030027,-1.266305,-0.429435,-0.64606,-0.909259
0.774194,0.275623,-0.965099,0.155171,-0.91363
-0.184601,-0.207746,-0.916303,-0.941566,-0.763425
0.087067,-0.070643,-0.498993,-1.03111,0.348511
0.236828,2.643227,1.178249,0.675133,-0.190632
-0.551932,0.027144,1.675858,0.722868,1.269149
0.884412,-0.698841,-0.833846,-0.833838,0.286352
0.95561,-0.29029,0.57296,0.709086,-0.581905
-0.099118,-0.62862,-0.794748,-1.217952,-0.088295
-1.966188,-0.658246,0.413749,0.267068,0.527739
0.030992,1.064724,0.773906,0.002509,0.067179
-0.441194,0.455811,-0.129292,0.02404,-0.479127
-0.080926,0.265977,-0.485406,0.084881,-1.022703
-1.664885,-0.922185,-0.536057,-0.425688,-0.551599
0.459776,0.102022,-0.324087,0.686543,-0.532913
-0.268009,-0.514876,-0.075225,0.569648,0.446785
0.881682,0.053839,0.231438,0.987017,-0.814374
1.256151,0.20991,-0.324244,-0.654095,-0.794042
0.622629,1.047605,1.134044,-1.371869,-0.594698
-0.151463,0.074203,-0.355432,0.665604,-0.386121
-1.835936,0.637861,0.515237,0.286153,1.13481
-0.845004,-1.904509,-1.398301,-0.302231,-1.133534
0.486735,-0.654382,-0.171998,0.876516,0.509268
1.695482,1.044503,-0.889254,-0.664119,1.084097
-0.13068,0.022169,-0.681507,0.267403,0.277874
-0.061103,-0.142884,1.05709,0.407904,0.440806
0.739832,-0.19091,-0.846523,-0.244509,-0.658475
0.792362,-0.576291,-0.390051,-0.559863,0.198324
0.577607,-0.046151,-0.276994,0.917948,-0.475393
-0.883375,-1.207494,-1.279237,-1.000741,0.646447
1.477227,0.030208,0.293867,0.333251,0.297402
1.45311,0.870592,-0.611682,-0.586384,1.251763
-1.630459,0.762313,0.555169,-0.344446,-0.367671
1.360765,-1.116306,-1.548503,-0.223365,0.216916
-0.707126,0.72835,0.168491,0.149174,-0.397513
-0.436683,-0.137941,0.8621,0.651811,0.68251
0.732082,-0.213598,-1.230779,0.134177,-0.667981
-1.264299,-2.012647,-0.115478,-0.019598,1.048338
-1.954549,-1.77952,0.553041,0.643341,0.757606
-1.738959,0.993394,0.778062,0.888949,0.139639
0.197361,-0.220095,-0.267445,-0.568516,-0.498086
-0.573618,0.030373,-0.25789,0.096505,-0.807887
-1.229513,-0.426582,0.230861,-1.154569,0.769069
-0.474255,1.616983,0.312482,-0.929296,0.418475
-0.770219,1.267685,0.577133,-2.117986,0.254009
-1.011801,0.317189,1.157148,0.919414,1.346014
0.585076,0.789017,-0.573342,-0.457312,-1.079417
0.303427,0.672035,-0.233362,-0.467324,-0.523414
0.524793,-1.201977,0.084789,0.461803,-0.195598
2.054395,0.115932,-0.76979,0.141155,0.40788
-0.325979,0.479202,0.526015,-0.341943,0.50256
-1.088725,2.11298,0.694289,-0.438182,0.102024
1.215033,0.028172,-0.101302,-0.807332,-1.109701
1.122357,1.948907,1.05301,-0.291668,0.987796
0.583603,-0.743663,-0.876155,-0.060303,-0.990969
2.34065,0.766573,-0.536088,-0.857235,-1.171186
0.45603,-0.054918,-0.431362,-1.222543,-0.319211
1.165367,0.264834,-1.208973,-1.099225,-0.821666
-0.764493,-0.055049,0.733578,1.506096,0.068588
0.312322,-0.104334,-0.254468,-0.111604,1.080829
-2.206166,-1.593176,-0.214205,-0.603663,0.602943
-0.435419,-0.275891,0.393499,0.220286,0.293265
-1.216334,1.248228,0.40159,0.720489,0.509922
-0.187897,-0.862,0.409963,-0.91485,0.616189
-1.686011,-0.349082,0.358439,-0.021232,0.314773
-0.06855,1.854404,0.463079,0.819459,0.345278
1.524398,0.092962,-0.059827,0.148742,-0.155562
0.024522,0.222486,-0.05589,-0.117932,-0.549909
-0.98323,0.60915,0.691102,-0.612249,-0.179674
-0.599877,0.601101,-0.88449,-0.257792,0.194644
-1.18098,-0.066466,0.337412,-0.978851,-0.810747
-1.503728,1.343076,0.330711,-1.142335,-0.410065
-1.598401,0.340344,1.321861,0.336978,1.102432
0.65027,0.48386,0.654063,0.594333,0.478233
-0.892387,-0.547096,0.666491,0.466137,-0.049381
0.144212,-1.610575,-0.255841,-0.815702,-1.340841
0.358385,-0.191944,-0.75025,-0.418652,0.954694
0.134542,0.10085,0.708565,0.620599,-1.181533
-0.821318,2.644384,1.471437,0.480479,1.298193
0.274372,0.455659,0.805662,1.256038,0.169946
0.640223,-1.703462,-0.516598,-0.62822,0.480183
-0.575449,-0.504566,0.318217,-0.527765,1.539887
0.896774,0.681913,-0.224381,-1.190478,-0.789053
-0.396539,-1.369389,-0.903112,-1.028741,0.495539
0.853295,-1.085899,-0.772214,-1.36173,-1.086165
0.482569,-1.711479,-1.034258,0.859865,-1.164011
0.887201,-0.980957,-1.225045,-0.470411,-0.109392
0.642878,0.984675,0.7385,0.677195,1.949466
2.314543,-1.550353,-0.430285,1.285626,-0.924971
-1.157207,2.120033,0.905501,0.57416,0.93339
-0.815219,-1.795741,-0.728083,-0.112043,-0.50858
0.020567,-2.102858,-0.013505,0.571129,-0.532539
-1.583493,-0.575372,0.560767,-0.712243,0.397861
