smoker,pollution,cancer,xray,dyspnoea
-1.084441,-1.192539,-1.123303,0.000191,0.4954
-2.100347,0.94116,-0.950319,-1.255315,-0.646309
0.386307,0.108928,0.785567,1.026591,-0.741253
-0.582874,-0.888147,-0.652547,0.429526,-1.035717
-0.553288,2.19286,0.085359,0.205788,0.038567
-0.587033,-1.080105,-0.044625,0.872828,-0.096765
0.340823,-0.998754,0.445705,-0.009372,0.189772
1.076906,0.385363,-1.004947,0.650289,0.090506
1.003601,-0.052367,0.283332,1.492084,-0.392156
0.737089,0.225378,1.038689,-0.388228,0.923559
1.22083,0.499521,0.805473,1.051583,1.081551
-1.116609,-0.743161,-1.146262,0.265205,-0.614544
-1.403642,1.117747,0.982718,-0.481517,0.977333
-1.929216,-0.868624,-0.35959,0.942248,-0.565798
0.616691,-0.479757,0.702412,0.055383,0.770301
1.358221,0.433188,-0.141822,0.096606,-0.406167
0.926909,-0.471988,0.347629,-0.619232,0.911287
-0.279171,-0.100909,0.954207,-0.387758,-0.190717
-1.313441,0.132355,0.965333,-0.696301,0.026896
2.510327,0.407041,0.907157,0.349288,0.607852
-0.928402,-0.860073,-0.7442,0.191736,0.147571
-1.300732,-0.737549,-0.476615,1.264493,1.198727
0.894623,0.727033,0.934238,-0.800869,0.446063
-0.634643,0.91816,1.227835,-0.753054,-0.928796
0.29785,-0.776982,0.704365,0.661048,-0.27002
-0.184062,0.911031,0.054426,-0.759441,1.127052
-0.46646,1.327981,0.090881,-0.131888,1.091076
1.478405,1.147192,0.097221,-0.767623,0.627814
1.784362,0.16525,-0.101087,-0.060556,-0.803857
1.888409,0.580049,0.528307,-0.616186,-0.563618
-0.489332,-0.040853,0.542347,-0.419646,1.211788
-0.384813,1.289665,0.571211,-0.390912,0.345682
1.724173,-0.056403,0.337119,0.097611,0.804887
-0.153269,-0.215984,-0.434881,0.170578,-0.258312
-2.322514,1.579774,0.070565,-1.036034,-0.531987
-0.08925,-1.058927,-0.166614,-0.567832,-0.846995
-0.01818,0.479267,-1.426466,0.505503,-0.659122
0.842385,0.727099,0.838809,-0.856293,0.169832
1.181619,-0.228368,0.040827,-0.73683,1.438752
-0.22744,-0.298662,-0.161251,-0.474501,0.15822
0.883383,0.040236,0.359511,-1.693756,0.395792
2.176615,-0.116304,0.655074,-0.55631,-1.254297
0.124717,0.212809,0.336325,-0.971055,-0.456766
-0.263806,0.342295,-0.073745,-0.375772,0.881977
-1.542368,2.001799,0.598148,0.085495,1.199062
1.357394,1.488682,0.525018,1.19743,-0.157844
-1.392633,-0.740263,-1.169626,0.527764,-1.005612
0.358473,-0.168154,0.443215,-0.377493,-1.097417
-0.409397,0.059547,0.142007,-0.784618,0.1372
1.643476,0.961611,0.227972,-0.853202,0.681909
1.162193,-0.981787,0.031669,-0.149639,-0.499285
-0.147982,-1.106995,-1.192011,0.919095,-0.39024
2.15498,-2.015924,-0.674704,-0.722508,0.725802
-0.269508,-2.014433,-0.899159,-0.540631,0.167773
0.024376,0.902545,0.477655,0.432708,0.890512
-0.446544,-0.308235,0.801111,-0.065428,-0.725389
0.367234,0.931023,0.322647,-0.602418,-0.302048
-1.556174,-0.032629,-0.899746,0.325139,-0.658895
-0.502438,0.136793,0.931332,-0.870913,-0.134649
1.743816,-0.03026,1.090703,-0.741153,-0.799449
0.065531,-0.730485,-0.822349,0.8763,-1.332848
0.715324,-0.936352,-0.531173,1.03566,0.027237
0.971083,0.8799,-0.270721,-0.309717,0.759399
1.042858,0.651129,0.278898,-0.442247,1.375615
0.052231,3.219426,1.051569,-0.423482,0.855031
1.126535,-0.165083,1.480255,-0.539741,0.706708
-0.241428,-1.190782,0.492092,-0.7081,-0.933709
-0.562092,-0.188434,0.348208,-1.030109,1.19682
1.181833,1.469566,1.028291,-0.635802,-0.068998
2.119396,0.608801,1.342842,-0.44452,0.062698
0.418624,1.343747,0.182692,-0.297925,0.599571
-0.266374,1.304401,0.237632,0.122195,0.913934
-1.922947,0.432374,-0.685606,-0.498151,0.378885
-0.574526,1.681452,0.801579,-0.63018,0.330223
1.060304,0.396212,0.460949,0.974576,0.845279
0.693121,0.213817,0.440898,1.611592,0.490722
-0.762758,-2.421508,-0.560522,0.568719,0.277438
1.676658,-0.560695,0.84343,-0.263009,-0.224052
-1.00836,0.146785,-0.989668,0.969513,-0.679977
0.876857,0.734262,1.248028,-0.420353,1.231922
-0.553483,0.131786,0.692925,-0.922104,-1.10542
-0.008257,-1.714977,-0.659762,1.039833,0.631017
0.731769,0.158111,1.222706,0.450805,-0.732044
-1.949276,0.674029,-0.604593,0.711582,-0.394031
-1.594107,-0.466553,-0.865758,0.506755,-1.106188
-0.106241,0.801889,1.659023,-0.561294,0.709891
-1.327988,-0.514591,-0.077517,-0.315299,0.727909
1.195702,-0.888126,0.784686,-0.600172,-0.037554
-0.03412,-0.8005,-0.567271,-0.932078,-0.66306
-0.569671,2.538393,-0.188168,0.028887,0.354105
-0.481132,-0.775172,-0.862271,0.003777,0.215257
-2.353697,-0.299499,-0.844736,0.846302,0.838312
-0.456541,0.860539,0.71651,-1.150612,1.25009
0.482545,0.487133,1.001631,-1.425551,0.049464
2.256755,-0.396996,0.818816,-0.855214,0.367994
0.468048,0.293736,0.166936,-0.970631,0.244789
0.145376,0.024739,-0.047023,-0.593946,-0.301809
-1.163322,-0.419305,-0.807679,0.090428,0.526778
1.380516,-2.235173,-1.050255,0.515493,-0.519201
0.404607,0.10224,0.684291,0.622228,0.118878
-0.896309,0.012574,-0.623177,0.410186,-0.655373
0.612366,-1.273025,0.183841,-0.766802,0.935984
-0.118275,-1.133381,-0.068332,-0.068486,0.037106
0.290961,-0.350776,0.59709,-0.700936,0.04421
0.136323,-0.876687,-0.011708,-1.062687,0.853906
0.891292,-0.012914,0.61741,-0.211058,0.373638
0.910361,-1.463759,0.273399,0.052387,0.685922
1.087001,0.704333,0.615258,-0.037343,0.538371
1.892031,-0.094761,0.54373,0.018719,-0.364737
-1.033851,-0.156802,0.23027,0.64861,-0.053738
0.093789,-1.202438,-0.376098,-0.166535,0.57175
-0.822658,1.739485,0.884757,-0.023451,0.230746
-0.961529,-0.804964,-0.777854,0.426367,0.252542
0.428338,0.115528,0.114049,0.672619,-0.377619
-1.311965,-1.320789,-1.226283,0.20908,-1.096524
1.715093,0.860339,0.276943,-0.53857,-1.214329
-2.482817,-1.002686,-1.260654,1.246046,-0.412674
-0.801413,-0.579853,-0.718388,0.614848,0.042005
-0.417448,0.261996,0.795474,0.525162,0.811679
0.445747,-0.406538,0.715325,-0.589352,-0.359186
-0.586338,-0.305431,-1.150735,0.429104,-0.046854
0.053235,-1.646176,-0.569202,-0.478864,-0.097116
-1.202762,-0.823282,-0.70509,-0.213584,-0.261539
0.590966,-0.20836,0.09726,0.918602,0.13971
-0.759623,-0.324218,-0.819399,0.845257,0.185657
0.841461,-1.151285,-0.083747,-0.56339,-0.540886
-0.294587,-0.867122,0.81292,-0.100883,0.035362
1.90713,-0.564728,0.790197,-0.964985,0.385292
-0.100121,0.300219,0.325016,0.216042,-0.203219
-0.23684,0.566963,0.083174,0.288317,-0.264002
0.297072,-0.38724,-0.408349,-1.009521,-0.537537
1.286529,-0.017825,-0.954569,-0.052809,-0.157532
-0.39758,-0.939222,-0.153014,0.832525,-0.049993
-0.214361,-1.680496,-0.929349,0.475226,0.7733
0.456147,0.974046,-1.09725,-0.179844,-1.149211
-0.621178,-0.88933,-0.277952,-0.30781,-1.046133
-0.767432,-1.225433,0.173716,1.292436,0.465664
-2.926055,-0.431334,0.089481,0.00452,-0.504444
0.379972,1.926631,0.501646,-0.593583,0.574348
1.734657,-1.451582,-0.348718,-0.285012,-0.403243
1.136072,0.483929,1.133424,0.104547,-0.413276
-0.456113,-0.516348,-1.236372,-0.62212,0.293094
-0.144224,-0.261712,-0.556581,0.769433,0.719125
-0.806597,-0.325301,-0.03769,-0.085674,-0.205812
0.789854,1.042991,0.658514,0.375984,-0.278447
-0.416499,1.209538,1.215448,-0.263209,1.564387
-0.096422,-1.689151,0.025844,-0.779671,0.946372
-1.802977,-1.446312,-0.011788,0.708486,0.133287
-0.501432,0.73082,1.026874,-0.091305,0.285472
-0.277258,-1.903969,-1.140542,0.418826,-0.738254
0.935241,0.944843,1.130799,-0.410248,-0.750102
-0.042178,0.003168,-0.421257,0.739888,-0.801808
-0.8755,0.099173,0.375357,0.082756,0.550063
2.113093,1.441057,0.958245,-0.498722,0.65924
-0.415004,0.230705,0.309882,-0.507359,-0.674173
1.778075,0.260846,0.834341,0.944044,1.094691
0.070317,-1.923312,-0.932051,0.139515,-0.769106
0.73199,-0.346324,-0.950259,-0.746736,0.032034
-0.237454,-0.183602,-0.106694,0.151121,-0.035113
2.077596,-0.892481,-0.741865,1.132389,-0.24043
-1.048098,-0.900105,-0.469032,0.079391,1.020601
-0.256876,-0.728077,0.449061,-1.291564,0.753184
-0.537215,0.196637,0.468791,0.602391,0.965431
-1.512559,-0.772756,-1.049049,0.180374,-0.330069
-0.250746,-0.618884,-0.091928,-0.415172,0.40944
-0.480587,-1.921071,-1.3643,-0.684783,-0.437869
0.317038,-1.383825,0.609192,-0.900332,0.12182
0.732586,-1.040299,-1.242502,-0.005809,-0.360259
-0.615501,-1.386513,-0.517896,0.491944,-0.150877
-0.175927,-0.646243,1.103563,-1.272409,1.036378
1.088038,-1.172942,-0.989495,1.067529,1.098075
-0.790583,0.571674,1.071573,0.303857,0.233825
0.23139,-0.904178,-0.618325,0.452571,-0.59331
1.173888,-1.281449,-0.931616,-1.085971,-0.09114
0.424641,-0.591508,0.427141,-0.621755,0.564106
0.704759,-0.02846,0.622574,0.239045,0.371089
0.469088,-0.76746,0.056611,0.348538,-1.504101
-0.933847,0.870815,-1.039829,-0.30752,-0.760545
-1.193696,-0.296296,-1.110264,0.192246,-0.903592
0.177559,-1.121451,-0.940181,1.036251,-1.470048
0.426878,-0.05489,0.196768,-0.875891,0.510873
-0.496906,1.136285,0.419605,0.209662,1.016872
0.039103,0.123707,0.065593,-0.546506,-0.149213
-0.701987,-0.729172,0.158571,0.459025,1.345481
1.53478,0.230001,0.892541,-0.037633,-0.727771
0.946352,1.730953,1.490004,-1.248232,0.021936
0.406417,-1.03706,0.297597,-0.371953,0.403635
0.12105,-0.674206,-0.786762,0.521021,-0.765409
-0.501532,-0.168012,-0.400323,-1.118416,0.668419
-1.341424,0.861386,-0.703338,-0.621883,0.163283
-0.363977,-1.141692,-0.702715,-0.190464,-0.471367
0.720085,-1.049225,-0.551461,-0.430015,0.810415
1.703738,-0.694195,-0.504559,-0.045547,-0.19656
0.787003,1.545057,1.010256,-0.328745,0.634013
-0.570493,-0.834599,-1.064433,0.255702,-0.014471
0.113291,-0.490015,-1.34789,0.658918,0.752894
-0.648045,-1.507674,-1.412041,0.955872,0.545886
0.061406,-1.556657,-1.006028,0.649277,-0.693301
0.695116,-0.502448,-1.753063,1.078147,-0.63984
-0.35027,0.070396,-0.384137,0.636393,0.616005
1.217649,0.226632,0.652311,-0.530692,1.426057
-0.984969,-0.56929,-1.257832,0.635909,1.170853
-1.381794,0.550796,-0.36103,0.040362,0.280627
-0.287965,1.006501,0.995874,0.45778,1.08081
-1.139072,1.11709,0.831667,-1.24722,1.371259
-1.271249,1.640132,1.106467,-1.557993,0.418611
-0.104217,-1.073754,-0.478314,-0.014915,-0.468688
-1.736924,-0.495358,-1.18898,0.419841,-0.576678
-0.781253,-1.299517,0.16733,-0.851381,-0.400905
0.99782,0.405846,0.618167,0.991704,0.26113
-1.984808,-0.37215,-1.409004,0.862089,-0.349751
0.814187,-1.348013,-0.776462,0.558061,-0.083783
-0.330855,1.137744,0.939886,0.703002,1.273946
-0.576564,0.568012,0.482717,-0.67704,0.570923
0.161153,-0.182299,0.263651,1.091786,0.871858
0.243213,-0.25502,1.005844,0.102563,-0.28472
0.355105,-1.797898,-0.709509,0.952389,0.658507
0.22883,0.634146,0.443159,-0.20949,0.365784
-0.359892,-0.018953,0.159092,0.614146,-0.60456
1.063637,0.581384,0.932551,0.045415,-1.058264
-0.608612,-0.545604,0.724678,-0.758815,0.976641
-1.074831,0.116925,-0.006757,0.215638,0.336054
-0.494944,-0.784942,-0.715954,-0.397019,-0.095264
0.496814,0.098612,0.30691,0.79092,1.143838
-0.884075,-1.479925,-1.430957,0.285919,0.691122
-1.097651,-1.04414,-0.787574,0.731076,0.70173
1.030504,1.676473,1.238383,-0.713102,-0.053143
0.987678,-0.544174,0.045668,-0.573082,0.098598
-0.721057,0.15235,-0.382652,0.518205,-0.230469
-0.129002,0.312018,0.059433,-0.275539,0.955076
-0.265865,0.168863,0.459656,0.747887,-0.551454
-1.446777,-0.316426,-0.294455,0.109426,-0.187894
-1.323668,-1.698859,-1.014472,0.705873,-0.618114
-0.531706,-0.989545,-0.993511,-0.004295,-0.70094
0.415492,-0.2167,-0.263293,0.838359,-0.903425
-0.246697,0.436324,0.365639,-0.332911,-0.339025
-0.354765,1.102668,0.550917,-0.679265,0.275913
-0.398779,-2.361465,-1.393485,0.725938,0.080965
1.499414,-0.327309,0.982641,-0.016173,-1.213121
-0.916712,1.296085,-0.133308,0.984242,0.563394
-0.668518,-0.07555,-1.019443,-0.748194,1.011727
0.73854,0.171031,0.992881,-0.692003,-0.135256
-0.042688,0.593454,0.243568,-1.070176,-0.787441
-0.244068,-0.633608,-1.572282,0.643561,-0.484655
0.337249,0.688444,0.046033,0.164297,0.600144
-1.431305,0.234009,-0.667436,-0.462984,0.485091
-0.670895,-0.481341,-1.265488,0.736615,-0.824607
0.680888,-0.113812,0.325745,-0.004787,0.043154
-0.236034,-0.869261,-0.257655,-0.811404,-0.918279
-0.632013,1.415515,0.009848,-0.35892,1.061413
-0.385021,0.205156,0.173456,-0.477061,0.466136
0.182303,1.792136,0.950515,0.318348,0.81527
-0.990713,-0.180628,-0.978658,1.12207,1.271972
1.974378,0.553541,0.932306,1.245231,0.641944
-0.605623,-0.565382,-0.27295,1.019996,-0.187325
-1.008408,1.640452,1.105008,0.533787,0.833651
-1.07122,-0.288147,-0.107022,0.74667,-1.306667
-1.65328,-2.693831,-0.881414,0.655627,0.056214
1.089905,0.095199,0.666758,1.287176,1.09823
1.084719,0.095309,0.283005,-0.638795,-0.740072
2.93611,-0.139725,0.44145,-0.088115,0.494721
-1.893913,1.162774,-0.072173,0.630127,-1.209116
0.81668,0.956509,1.196164,-0.902783,-0.339828
1.522142,-0.199061,1.003767,0.905191,0.719007
-2.151881,0.538492,0.226985,-0.330727,0.084417
-1.375211,0.755562,-0.213468,0.108744,-0.54825
-0.7249,-0.372465,-0.221553,0.536604,-0.900612
-0.956616,-0.374354,-0.403282,-0.365549,0.416687
0.83539,0.807333,0.614349,-0.640245,-1.068963
0.200224,-1.735683,-0.495144,-0.529025,0.494786
0.033032,0.859407,0.783615,-0.157523,0.823055
-1.177234,0.308898,0.607385,1.352594,0.60588
1.342255,0.029616,0.921624,0.223224,-0.77695
0.005721,-0.718831,-0.180854,-0.89573,1.35551
-1.025489,-1.94522,-0.750855,0.883023,0.565141
2.073125,1.836314,1.194077,0.164562,1.162252
-0.700655,0.648556,-0.556323,0.179372,0.584378
1.559394,-1.964709,-0.412212,1.250217,-0.140487
-0.412593,-1.634814,-0.148805,-1.165297,-0.692264
-0.607036,-0.606781,-1.017304,0.334356,-1.177822
-0.384291,-0.779667,-0.494106,0.03126,-0.465346
0.725762,-0.562443,0.124154,0.835044,0.778736
-1.490968,1.111685,-0.594379,-0.59761,0.228843
-1.695944,-0.697986,-0.861415,0.512854,-0.841643
-1.235959,-0.106253,0.92242,0.28439,0.708413
0.098915,2.136766,1.311079,0.214927,-0.432359
-1.366243,-1.140902,-0.959549,0.838,-0.716484
1.182908,-0.597889,-1.18861,1.124952,0.226195
1.17456,0.361132,0.210275,0.185179,-0.814274
-1.081656,0.184641,-0.380087,-0.165419,-1.259971
0.217146,0.808204,0.76203,0.655293,1.011138
-1.681994,-0.079748,-0.463035,0.784605,0.233789
0.364555,-1.805635,1.173843,0.149374,0.011747
-3.598749,-0.146484,-1.08897,0.873549,0.393126
-0.042962,-0.240045,0.304514,-0.146212,-0.436132
-0.71891,0.286982,-0.89643,1.094092,-0.853324
0.316518,-1.177809,-0.812095,1.173908,-0.714839
-0.270693,-1.181257,-0.859655,-1.144036,0.064537
0.268012,-0.72708,-0.671527,0.432082,0.775286
-0.009268,-0.739853,0.07017,0.437325,0.726971
0.100407,0.05536,0.505958,-0.789901,0.997131
1.258224,1.281372,1.062713,0.05408,0.763013
-0.090929,-1.090799,-0.79846,0.996536,0.024693
0.529214,0.405058,0.219463,0.198043,0.130286
2.322445,-0.819175,0.608758,-0.066192,1.316236
1.522108,0.145035,-0.504611,1.01462,0.103669
0.775192,-0.802204,-1.036863,-0.002515,0.533751
0.014991,-0.122492,-0.376101,0.477089,-0.784262
1.110808,0.205486,-0.061644,0.111449,-0.288072
0.17782,-0.143642,0.96174,0.036224,1.241749
-1.094118,-0.303757,-0.677194,0.96602,-0.623711
0.585893,-0.280392,0.373661,-0.545664,-0.752477
-0.730146,0.350666,-0.02039,0.147014,-0.294887
-0.502034,1.693368,0.499712,0.043311,0.48561
-0.752107,-0.441194,-1.307852,0.829846,-0.387939
-0.373947,-0.635419,0.290331,-0.41982,-0.022485
0.981084,2.688036,1.24275,-0.931492,0.3133
0.560922,-0.767438,0.594646,-0.581691,1.424301
0.991489,-0.810347,0.439388,0.124084,0.088078
0.258139,0.646794,-0.412678,-0.407459,0.710686
0.224158,-1.758246,-0.807471,-0.569451,-0.382896
0.092115,1.587097,1.378214,-0.900948,1.101594
-0.859347,0.785219,0.847894,-0.241729,0.126439
0.257828,0.513068,0.153722,-0.351259,1.193415
-0.74304,-0.54324,-0.822063,-0.833364,-0.825655
1.769208,-0.475916,0.365371,0.83669,-0.913953
0.383992,1.074204,0.395731,-0.74978,0.490502
0.663976,1.779526,1.472239,-0.559551,0.563983
2.003048,1.68495,0.868406,-0.128228,0.443602
-0.474606,-1.115125,-0.338791,0.560602,0.233965
0.56803,0.189102,0.169166,0.081416,-0.597208
0.847294,0.474513,-0.015481,0.53273,0.456974
-1.028852,0.217364,-1.03678,1.233814,-0.920046
-0.330353,-0.144057,-0.585476,0.683501,-0.265859
-0.971516,1.84329,0.194894,0.742574,0.623637
-0.242819,-0.348364,0.866629,0.627254,0.05784
1.064461,0.076244,0.039488,0.240875,0.041681
0.049477,-1.07122,-0.2816,-0.376531,-1.426216
-1.093794,-0.676716,-0.163531,1.073677,0.585338
-0.536625,-1.657743,-0.17284,-0.20621,-0.073353
-0.6145,1.184241,0.81929,-0.17816,-0.120372
-0.801627,0.491475,0.3153,1.404861,0.191823
1.47906,0.049438,0.882846,-0.144471,0.541596
-0.278007,-2.001733,-1.099941,0.573595,0.631383
-1.07808,0.354505,-0.160899,-0.335645,-0.003614
0.277011,0.349509,0.641759,-0.36234,0.203788
1.411188,0.423251,1.298522,0.962707,1.037837
1.144028,1.735467,0.85835,-0.780109,-0.73078
0.888924,1.465562,0.185368,-0.269935,0.015224
-1.966344,2.844433,0.357696,0.008959,0.212322
-0.674767,0.405036,0.307033,-0.029228,0.896217
0.097385,0.644153,-0.364905,-0.265247,-0.70249
-0.053725,-0.091166,-0.895277,0.573093,0.451753
-1.481526,-0.404304,-0.655003,0.818824,-1.231109
2.328573,-0.386668,1.204374,-1.152259,1.267713
-0.147139,1.328342,0.347144,-0.492654,-0.360621
-0.373394,-0.969847,-0.736079,0.049801,-0.448055
-0.598847,-0.574469,-0.431257,0.628157,0.518587
-2.271528,-1.975389,-1.729033,1.632996,-0.660595
-1.651746,1.30051,-0.521476,-0.790348,0.864953
-0.20598,-0.028618,-0.102029,0.469064,1.392812
0.276933,0.133022,0.952049,-0.197349,1.590957
-0.272252,2.402311,1.157628,-0.460231,0.248769
0.338801,1.06639,0.360861,-0.304871,0.056549
0.991986,1.090046,0.473001,1.178105,-0.614932
-0.974878,-0.030614,-1.055407,1.388536,-1.146584
0.34502,-0.111689,-0.553436,-0.943316,-0.490024
-1.120796,-0.389736,-0.894438,0.732383,0.900691
1.582029,-0.343199,1.184419,-1.00576,0.105934
-0.14016,-0.118749,-0.851358,1.047368,0.020138
-0.373406,-1.071585,-0.917307,0.276271,0.065869
-0.100348,1.854742,0.774823,0.703301,0.813521
0.712237,0.335661,-0.248554,-0.440401,0.122456
-1.254634,0.795227,-0.70416,0.197083,-0.295844
-0.398953,1.699252,0.547737,-1.394808,1.291484
0.393614,0.796386,0.586987,-0.584857,-0.316372
0.93576,0.22449,0.768298,-0.232581,0.912718
0.625333,1.513752,0.155065,1.071533,-0.831758
-0.997674,0.365538,-0.942808,0.479151,-1.035894
-0.787127,0.417257,-0.74133,-0.313562,-0.390134
-0.750448,0.432099,0.245095,-0.519795,-0.496472
-1.058373,-0.26912,-0.95136,-0.05375,-1.207357
1.444969,1.40681,0.664849,0.523082,-0.504487
-2.359068,0.427305,-0.082239,0.062692,1.283814
-0.406102,0.530503,0.886644,-0.620762,0.016445
-0.432565,1.993487,0.81254,-0.362087,0.885085
-0.578804,-0.318002,-0.077321,0.749792,-0.706795
-0.094443,0.374586,0.452541,0.114474,-0.3974
2.556316,-0.075312,0.611706,-0.743152,-0.107975
-0.579041,-2.085985,-0.615874,0.0875,0.369032
-0.533633,0.53584,0.134396,-0.244782,0.028913
-1.265425,-1.022455,-0.887731,0.86868,1.301267
-1.449223,0.008122,-1.290106,-0.332362,-0.371155
1.826088,0.151311,0.538892,0.301468,0.311595
-1.450582,-0.673117,-0.912994,-0.457527,-0.744328
0.227358,-0.084991,0.369047,-0.081653,0.907427
0.354318,1.687288,0.611116,-1.212127,-0.597181
0.050173,-0.617491,-1.034804,-0.078095,-0.539754
0.389446,-0.682228,-0.908033,1.042534,0.171282
-0.856093,1.217031,0.923765,-1.039189,0.573484
-0.208704,0.990096,-0.589646,-0.436476,-0.672825
-1.909206,1.381653,-0.111807,0.864997,0.910512
0.779275,0.277138,-0.5728,-0.043502,0.454717
-0.458422,0.552904,-0.077399,-0.281787,-0.653632
-0.808626,0.359225,0.1655,0.698902,-0.804194
0.669803,-1.891588,-0.407193,-0.793498,1.174321
-0.331137,-1.513185,-0.790448,-0.47755,-0.993615
1.091545,0.617294,0.828306,-1.017773,0.388921
1.528164,0.644402,1.217329,-0.108633,0.681538
-0.422585,-0.578078,-0.611896,0.556287,0.152065
-0.782947,1.647256,0.752165,-0.78201,1.224692
0.827507,0.918727,0.287132,-0.357153,-0.612189
1.115313,-0.026576,-0.324029,-0.760147,-0.669936
-0.372936,-0.465271,-0.034368,-0.940692,0.753887
-0.781939,0.64902,0.564283,0.333681,-0.912722
-1.403872,-0.050817,-0.739251,0.058654,-0.433984
-1.334314,-0.330061,-0.847333,0.723981,0.351982
1.404921,-0.397233,1.118479,-1.100723,-0.07168
-0.822769,-0.029785,1.138503,-0.338653,0.70163
1.249275,0.393897,0.406434,-0.087284,-0.42575
-1.781092,-1.771383,-0.597213,0.944551,-0.432145
0.523223,0.567263,-0.227714,-0.277905,-0.004355
-0.936466,0.090204,0.193915,0.112571,0.230535
-0.214061,-0.322606,-0.740028,0.716652,-1.201881
-0.256217,-0.510524,-0.197657,-0.138727,0.026616
-1.19659,-0.633246,-0.603268,-0.269934,0.645881
-1.020715,1.950769,0.188302,-0.168497,0.787962
0.666503,0.12858,0.590438,0.257438,-0.136655
0.576606,1.007572,0.336206,0.242939,-0.871034
0.020155,0.125613,0.353229,0.890526,0.499061
-1.229843,0.429576,-0.920366,0.628459,-0.493483
-0.074246,0.125235,-0.063642,-1.464648,0.388085
1.701363,1.362054,0.35487,0.188672,0.315026
0.516167,0.686445,0.404989,-0.349979,-0.659539
1.678458,-1.33626,0.777349,-0.874316,0.213468
0.401073,1.655255,0.462305,0.606091,0.736062
0.177585,0.287227,-0.193863,-0.328251,0.623571
-1.632062,0.815497,-1.072394,0.772525,-1.128598
2.057605,-0.998741,0.044876,0.610583,-0.615482
-0.246289,-1.026416,-0.548143,1.643872,-0.574164
-0.129232,0.228995,-0.032804,1.086782,0.617919
0.726425,-0.988818,-0.139027,-0.636967,-0.234309
-1.024777,-0.241918,-0.145059,-0.560187,-0.750654
0.152857,0.050754,0.354762,-1.12033,0.015021
1.532072,-0.683147,0.350018,0.236162,-0.436731
-0.988572,-0.17606,-0.174704,0.208702,0.811847
0.505571,-0.607987,-0.567913,-0.612635,-0.800494
0.151891,-0.911878,-1.134269,-1.052025,-0.312766
0.664437,-0.639395,0.603081,1.021153,-0.426793
-0.149074,0.337296,-0.077061,0.833457,-0.553092
-0.427426,-0.468881,0.305835,0.843415,-0.25631
0.345422,1.676142,-0.117491,-0.405659,0.568444
-0.385093,0.77241,-0.017526,-0.608414,0.828658
1.621276,1.334139,0.821656,0.027879,0.106968
-0.750286,-0.196859,0.287458,0.432195,-0.606407
0.827235,-0.343753,-0.607633,-0.264668,-0.529249
0.537485,-0.07284,-0.2401,-0.621871,0.546236
0.208479,0.480003,1.013551,-0.837286,0.595385
2.053703,0.579366,-0.061231,0.78045,-0.68876
0.047622,-0.600807,0.43651,-1.045826,0.083094
-0.023812,1.675826,0.751824,-1.278787,1.030262
-1.57024,-2.700043,-1.242291,0.502648,0.357956
-0.706845,0.821785,-0.934402,1.015857,-0.751636
-0.813149,-0.460529,1.007591,-1.4978,1.320678
-0.211335,-0.811972,-1.041507,0.439691,0.621226
-0.128399,-0.703625,-0.771637,-0.644448,-0.552554
-2.512297,-0.756016,-0.663713,0.800524,0.341749
0.843091,-0.179453,0.997968,-0.9606,0.70261
-0.338577,0.410331,0.672574,0.138454,-0.462218
0.872778,1.519066,0.747487,-0.134753,0.379423
-0.353407,-1.179041,-1.063469,0.635679,0.263907
0.462704,0.350701,0.664146,0.072348,1.259777
-0.16614,-1.342148,-1.090101,-0.043741,-0.558623
0.473922,2.022418,0.557426,0.814983,0.4317
-0.627584,1.2709,0.590696,-0.085368,0.182184
0.091219,1.598145,-0.683193,0.831228,-0.89422
1.900698,-0.203527,1.16654,-1.016669,-0.65892
-0.106946,0.280342,-0.479795,1.04431,0.04379
-0.312546,-0.650989,-0.086883,-0.1367,-0.085681
0.220279,0.921684,0.607735,-0.182463,-0.231563
0.311043,0.059235,0.208766,0.364672,0.614515
-0.017355,-1.219671,-0.678034,0.120725,-0.975762
-0.83976,-0.946876,-0.579168,0.930758,-0.698439
0.797387,0.499309,-0.232763,0.023592,-1.247804
0.0709,-0.572653,-0.893402,-0.407171,-0.838188
0.747952,0.452346,0.361265,0.180088,-1.015043
1.646063,0.584036,1.232549,-0.909675,0.579801
0.261022,0.507878,0.633432,0.255904,-0.379266
0.035538,-0.539471,0.076215,0.269527,-1.246348
0.10854,0.027828,0.498171,-1.050102,0.922744
-0.297264,-1.105387,0.583878,-0.254707,1.321023
-0.068706,-0.783242,-1.174463,1.043183,0.25044
0.767797,0.008274,0.932209,-0.52295,-1.065715
-0.200026,0.262705,0.276697,0.117967,0.369855
0.724596,0.930848,1.031175,0.248069,0.741315
0.756765,0.064514,0.070501,-0.995115,-0.455544
-1.278299,-1.177137,-0.516338,-1.15639,0.535174
-0.123971,0.254246,0.921398,-0.833569,-0.504766
-2.214408,0.451166,1.143973,-0.474178,1.145272
2.570016,1.596928,1.18083,-0.122163,0.04839
0.853828,0.562968,-0.223655,-1.294586,-0.703964
-0.319463,-0.636719,-0.781167,0.545102,-0.245573
0.721171,0.226103,0.552786,-0.715105,-1.02567
-0.161606,0.303118,0.18079,0.317322,0.66745
3.412812,-0.836166,0.693488,-0.593983,0.784074
-1.581111,-0.629355,-0.850998,0.487068,-0.63288
0.606333,-1.420306,-0.700542,0.276412,1.480566
-0.943481,-0.969753,-0.829942,-0.983232,-0.770547
0.711738,-0.69316,-0.300274,-0.642468,-1.094771
0.449744,-1.152738,-0.195139,1.302688,-0.434196
0.126742,0.217795,-0.661974,0.152153,-0.420314
-0.273621,-1.530013,-1.322429,-0.171532,0.004953
0.989016,1.218257,0.948663,0.555615,0.649714
0.961012,0.729808,-0.175286,-0.821465,-0.230782
0.465251,0.274937,-0.326463,-1.10564,-1.045191
-0.603351,0.560581,-0.410674,0.134728,-0.800052
1.077423,-0.040936,1.464505,0.683095,0.412032
0.506404,-0.124714,0.032067,0.493698,0.872032
-0.707831,0.069855,0.647397,0.754543,0.561337
-1.944321,0.38221,-0.631488,-0.394287,-0.930357
2.631821,-0.687256,1.525944,-0.583358,1.13511
-1.10779,0.155135,0.685465,0.205168,-0.744197
-1.561782,-1.689724,-1.180423,1.185272,0.736052
-0.819968,-0.356314,-0.108355,-0.767655,-0.675205
0.247349,-0.115553,-0.698712,-0.153304,-0.008325
1.566153,1.386877,0.503359,-0.110523,-0.409963
-0.430301,-1.433307,-0.893468,0.305365,-0.030907
-0.666955,-1.136493,-0.399796,-0.720649,-0.171078
1.375501,0.966174,1.345861,0.298623,1.081288
-0.102398,0.252917,0.410742,0.55549,0.239104
0.473402,2.466028,0.76117,-0.498973,-0.149036
-0.372561,0.2859,0.284079,-0.232271,0.566074
-1.756339,0.706028,0.538693,1.03294,1.059312
-0.461916,0.95623,0.764479,-0.345316,0.22779
-0.213769,1.982489,0.809052,-1.512196,0.900075
0.203493,-1.133503,-0.521161,-0.673527,-1.009791
-0.609091,-0.155805,-0.904026,0.740956,-0.649658
-1.198126,-0.401576,-0.688676,0.292656,0.041055
0.740373,-1.134614,-1.306178,0.165364,-0.765365
0.301441,-0.121549,-0.013606,0.10032,0.615224
-0.593957,1.392983,0.206834,0.347082,0.724719
1.54796,0.711578,0.341247,-0.857567,0.682597
0.630463,0.273813,0.318702,-0.448913,0.635079
-0.706787,-0.523971,-0.284907,0.584143,0.144589
-1.006754,0.062115,-0.359083,-0.062892,-1.130453
0.908509,0.646389,0.970093,-1.029595,0.213357
0.109485,-0.729596,0.735041,-1.604441,-1.423521
0.419111,-1.231599,0.350485,-1.39698,0.932985
-1.273983,-0.843167,-0.281104,-1.687354,0.117223
1.045125,-0.981386,0.565401,0.807631,-0.408363
-0.495577,1.183304,0.335179,-0.593239,0.203454
-0.109223,1.612595,1.35051,-0.262584,0.509338
-0.41356,0.294909,-0.484864,-0.910632,0.008981
0.116829,0.506516,0.939348,-0.489737,0.833306
0.120307,-1.074154,-0.746294,0.683245,-0.301922
1.008543,-0.713499,0.700256,0.170265,-0.530999
0.880651,-2.475447,0.228304,0.293347,-0.613425
-2.036071,-0.429045,-1.041035,-0.060028,-0.234321
1.27497,0.519819,0.730607,-0.022807,0.820726
0.099694,0.556456,0.77883,1.059063,-0.964827
-0.226315,0.197948,-0.00325,0.700461,0.363906
1.186229,1.433364,1.108661,0.471529,0.637303
1.560734,-0.046899,0.673564,0.098112,0.775508
0.297445,-1.652014,-0.813774,-1.770128,0.019233
0.859291,-0.14929,-0.342948,-0.958733,0.379859
-0.259103,-0.614837,-0.250675,-0.142348,-0.528208
0.761338,0.443617,1.258045,-0.647954,-0.208011
-1.260433,-0.338192,-0.282339,0.339015,0.376615
-0.422111,-0.476715,0.301245,0.408226,-0.419451
-1.125277,0.675176,1.055151,-0.992062,0.855199
-1.238719,-0.692202,-0.751344,-0.901308,-0.905611
0.809159,0.140112,0.559629,-1.185178,0.131678
0.71518,0.398453,0.675549,0.108191,0.955432
0.473648,-0.26673,0.853861,-0.333594,0.417848
0.23129,0.882592,-0.730804,0.643515,0.640471
-0.94048,0.758846,0.715811,-0.665709,0.665781
-0.485751,-0.089821,-0.460435,-0.808339,0.204718
2.038734,0.576814,1.546208,-1.31926,-0.31019
0.926673,-0.407,-0.005989,-0.83875,-0.298305
-2.487457,0.029416,-0.332315,0.253267,-0.609577
0.660668,0.56832,0.275749,-0.407691,-0.06368
-0.616167,-0.494192,-1.021553,0.955357,-0.73165
-1.252066,0.273187,-0.835924,-0.071499,-1.044293
-1.239383,0.409386,0.367613,0.132915,0.760763
2.420733,-0.188505,-0.217744,-0.085752,0.094573
0.726634,0.048461,-0.823377,0.51616,-1.342717
-0.805356,0.82494,-1.681568,0.35903,-0.577612
0.301134,-0.287173,0.814232,-0.714273,0.697519
0.304727,0.240177,-0.24865,-1.066684,0.601234
0.488426,2.362487,0.362343,-1.46231,0.016617
-0.936917,0.512838,0.515529,-0.566878,0.743961
-0.015673,-0.14718,0.66984,0.942046,0.335494
0.680035,-2.034665,-1.035106,0.591041,0.011931
0.170476,0.687528,0.563989,0.293476,0.415706
-1.630572,0.883664,-0.175069,-0.375704,-0.238808
0.429597,1.007167,0.710925,-0.812208,-0.230487
0.335594,0.137048,-0.308083,0.226564,-0.496599
0.28019,-0.278134,0.352271,-0.49646,-1.02079
-0.682778,1.218609,0.841685,0.563749,0.520402
2.354487,0.252299,0.4827,-0.591687,-0.617959
0.633901,1.170609,0.984747,-0.260808,-0.142492
0.181692,-2.007374,-0.915685,-0.302026,-1.237124
0.833752,0.293809,0.633636,0.363326,0.012307
-0.979036,0.307819,0.957524,0.212682,-0.846804
-0.324299,-0.050929,0.348564,1.021034,-0.749954
0.870933,-0.538229,-0.008063,0.518408,1.144722
1.589758,1.160775,1.301963,-0.947862,0.504371
-0.511423,-0.29793,-0.572363,0.063674,0.013138
-0.452978,-1.187174,0.848867,0.558472,0.477215
2.568415,-0.82938,0.790329,-0.520936,0.130724
-1.562817,0.158117,-0.45381,0.899483,-0.175828
0.106451,-0.596728,0.910696,-1.162647,-0.181984
-0.392183,0.820608,-1.046124,-0.135216,-0.869354
-0.595154,0.170733,0.337266,0.223525,0.254339
0.798485,-0.798141,0.357892,0.288677,0.919913
-0.123866,0.117198,0.472191,-0.175864,-0.734925
1.07859,1.415698,1.742621,-0.629388,0.598432
-1.017227,-0.91521,-1.231526,0.61897,-0.431439
1.803154,0.383744,0.585198,-1.179214,-0.085988
0.961037,2.109177,1.365846,-0.965501,0.950461
0.114252,-0.822613,0.49833,0.623601,0.77383
-0.06672,-0.130021,1.126567,0.582733,-0.121946
-0.048369,-1.03999,-0.038538,0.139435,1.04063
-0.169544,0.676627,-0.255778,-0.16578,-1.080856
-0.441386,0.566419,-1.034745,0.252778,-1.492253
1.907676,-0.258174,1.095385,0.753902,-0.545575
-0.980162,-0.103964,-0.580684,0.701606,0.016629
-0.557408,0.718437,-0.21914,-0.150485,-0.736668
0.251025,0.330959,0.09162,0.42114,0.607356
0.403091,-0.614937,-0.483108,1.104462,0.535733
-0.949844,0.546279,0.022014,0.331856,-1.161032
-1.498937,-0.185197,-0.578847,0.575852,0.561441
2.473819,-0.66809,0.356326,0.133762,-0.79155
-0.555821,0.346457,0.038985,0.168756,0.261351
-0.068744,-0.137612,-1.243451,-1.246796,-0.88953
-0.104508,1.281429,-0.72282,-0.030761,-0.909662
-2.159873,0.653081,-0.9727,0.168559,-0.677737
0.654037,0.772017,0.318534,0.102184,0.535867
-0.420084,-0.608548,-0.084781,0.438202,-0.391212
-0.875154,1.336971,1.140709,-1.009743,1.048456
0.91775,0.444315,1.200401,-0.479468,1.297259
-0.638218,0.785371,-0.255408,0.63021,-0.061023
-1.198061,-0.666157,-1.296653,0.675519,-0.832108
0.232107,-0.185249,0.384599,-0.455217,-0.899348
1.529535,-0.345224,-0.081945,0.543724,-0.314821
-1.937869,-0.251879,-0.790395,-0.194572,-0.459383
0.293868,-0.376586,-0.255629,0.472633,-0.092517
-1.060911,0.315802,-0.342671,-0.802851,1.126723
-2.243667,-0.813073,-1.180478,-0.141092,0.07107
1.985031,1.312178,0.82166,-0.624883,-0.951874
-2.090059,-2.35566,-1.187197,-0.056487,-0.600092
1.722069,0.997795,0.546493,0.223891,0.59967
-0.390253,-0.739002,-0.802864,0.480985,0.493592
1.03487,0.861392,0.322178,-0.947133,0.66197
1.046865,1.048901,0.732718,-0.080184,0.946277
0.285326,1.83793,0.929166,-0.14321,0.244557
0.36679,0.497826,-0.367786,0.0353,-0.384859
-1.292707,-0.707872,0.578069,0.27835,0.293568
-0.922889,-0.053312,0.380673,0.76803,-0.421692
0.548757,0.541531,0.587082,-0.608307,0.188449
0.135836,0.312156,-0.61665,0.340358,-1.151283
0.180053,0.807665,-0.888672,-0.233635,0.64104
-0.135735,-0.671716,-1.062509,0.966818,-0.243453
-1.383101,1.0743,-0.377093,0.499129,0.426761
0.330133,0.450367,1.254718,-0.52587,0.379295
-0.113057,0.457877,-1.465657,0.08674,0.554799
-0.037786,1.052601,-0.373481,-0.239682,0.569333
0.050637,-1.400312,-0.923578,-0.957166,-0.534071
1.731004,-0.211543,1.280059,0.622664,-0.234587
1.600005,-0.470486,1.216884,-1.111998,0.805345
1.015292,0.941855,0.797027,-0.607072,1.090695
0.391767,0.438075,0.553704,-0.890177,1.464219
0.233977,-1.369195,0.261846,1.101061,0.080503
0.920434,-0.528944,0.503234,-0.572984,1.091056
0.364822,-1.147878,-0.358029,0.073846,-0.999766
0.572079,0.044609,0.965369,-0.267653,0.755497
0.647502,2.671613,0.595862,-0.172211,-0.185459
0.242303,-0.688941,-0.172663,0.011214,-0.225924
-0.666943,-0.395407,-0.010017,0.680932,-0.901319
-0.364157,2.247842,0.3548,0.362267,0.230116
0.680542,0.049585,0.112845,0.691012,1.19599
0.064444,0.629412,0.827306,-0.121957,0.908975
-0.689479,1.827574,-0.475586,-1.102162,0.506706
0.803784,-1.791476,-0.547411,0.58281,-0.677821
-0.155481,0.471302,0.268606,-0.684697,-0.366759
-1.155447,0.922033,-0.213892,0.092784,-0.236521
1.22902,0.97136,0.538384,0.05154,-0.909829
-0.181291,0.086007,1.270679,-0.811845,-0.636699
-0.725863,-0.758341,-0.520123,0.929726,-0.375504
0.461866,1.795869,0.530704,0.795821,-1.503571
-0.798223,1.33581,-0.262396,-0.734945,-0.686194
0.513423,0.040107,-0.900458,0.312144,-0.499816
-0.701741,-0.039948,0.169863,0.560123,-0.738356
-0.417704,-0.887586,-0.599433,0.212285,-0.135691
0.450555,-0.258865,0.943031,-0.538889,-0.658948
0.227298,0.72195,0.311836,-0.642181,0.013958
1.613341,0.467023,1.536632,0.523573,0.75068
1.307053,-0.813514,0.699954,-0.95318,0.096143
-0.3111,0.178594,0.022923,-0.366714,0.905968
0.260372,-0.615828,-0.014259,0.00508,-0.763614
0.513896,0.442854,0.634299,0.699644,-0.950721
-1.354101,-0.744009,-1.177382,-0.333627,-1.161522
-1.011329,1.115261,0.592972,-1.224957,0.613971
0.377927,0.665777,0.250472,0.691845,-0.32682
-1.121962,0.803563,0.579384,0.389858,0.344572
1.463538,0.60332,0.72433,1.165859,-0.143431
-1.264391,0.518282,0.250256,0.507673,0.12435
0.850432,-1.515639,0.642855,-0.42798,0.68517
1.332931,-0.633889,1.4363,0.108511,0.187725
-0.870193,0.166311,-0.388531,0.590564,-0.89076
1.08066,0.350508,1.278375,-1.179931,0.228396
-1.048562,1.644918,0.760827,0.215847,0.14006
-0.866299,-1.453216,-1.019596,0.094378,0.067328
-0.333517,0.479838,-0.26652,-0.702984,0.150969
-1.337098,1.163637,-0.725284,-0.859453,0.827202
-0.23956,-1.098862,-0.787065,-0.513207,1.115829
0.744912,2.492256,1.117204,-0.1943,0.548706
-0.047895,-1.816956,-0.901153,0.830057,0.300778
0.629542,-0.470322,-0.523573,-0.634466,-0.851346
-0.547991,0.298292,0.663435,0.230139,0.886706
-0.127031,1.385321,-0.332177,-0.416946,-0.373476
0.839387,-1.213641,-0.602344,0.699367,-0.592336
-1.630313,1.685186,0.742809,-0.158752,0.59331
-0.327745,-1.050809,-1.07704,-0.79628,-0.528546
0.134057,1.03448,-0.667892,0.655095,-0.518863
-1.568011,-1.340624,-0.39934,0.050281,-0.390021
2.004895,1.319533,0.737904,-1.02858,1.079667
-0.324815,-0.104097,0.499181,-0.230877,0.226899
0.113875,0.100452,-0.435158,-0.213874,0.984505
-0.034016,0.793942,0.544498,0.933796,0.988414
-1.147174,0.287427,-1.148182,-0.119407,0.771367
-0.30834,-1.570249,-0.757711,0.567527,0.425498
-1.191543,0.355163,-0.339445,-1.051316,-1.228342
-0.339504,0.125709,-0.147278,0.352142,1.296699
-0.472534,-0.020316,-0.757329,0.643969,-0.169726
0.758941,0.599888,0.921714,-0.058291,0.514089
1.459038,-0.404033,-0.338564,0.222755,0.996773
-0.188596,1.982234,0.256782,-0.771453,0.942465
1.536039,0.615461,-0.119587,-0.605135,-0.226721
1.267922,-0.251861,0.20029,-0.315967,0.484134
-0.099446,-0.111613,-0.799225,0.346112,0.296051
0.206558,-0.481273,-0.930697,-1.016461,-0.74869
-0.084258,-0.919838,-0.067349,-0.930582,0.082056
-0.731576,-1.07804,-0.690009,0.699559,0.572129
1.199538,0.00836,0.589649,-0.378838,0.136214
-0.522103,-0.481882,-0.67602,0.491041,-0.343698
0.758155,-0.240646,0.900044,-0.870827,0.454371
-0.47635,1.343134,0.590738,-0.659168,0.520217
1.292001,-1.436639,-0.779303,0.710177,1.258711
-1.933125,0.579852,-1.072635,0.984807,-0.264418
-2.572364,0.36687,-1.256393,1.035653,-0.696769
-0.889217,-0.033296,0.017879,0.524203,0.684512
-1.460224,0.809757,-0.077644,-0.628254,-0.516547
0.112103,0.767867,0.971965,-0.383168,-0.19998
-2.224317,0.072669,-0.970539,0.439689,-0.913868
0.222669,0.655135,0.83584,-0.773766,-0.20677
-0.533365,1.294518,0.476311,-0.103581,0.519984
-0.445921,-0.785094,-0.826029,0.728267,-0.86542
-0.091914,-0.531149,0.428576,1.031494,-1.114103
0.340185,-0.039697,0.867892,-0.00847,-0.579227
0.749933,0.786613,-0.223987,1.57517,0.768374
-0.654602,-0.741763,0.151408,-0.564901,-0.886555
0.591345,0.460902,0.192038,0.897579,-0.572041
1.328333,0.162405,-0.283164,0.976604,0.232385
0.053864,-0.362997,0.998037,-1.388053,0.55872
2.640482,-0.33832,1.427119,-0.839089,-0.349935
-0.364752,0.372622,1.188496,-0.312489,-0.035588
-1.805808,-0.858972,-0.929098,-0.601882,-0.287383
-0.71696,0.26408,-0.488781,1.005162,-0.72947
0.155426,-0.152611,0.484723,0.00748,-0.952936
-1.434862,0.657243,-0.652701,-0.631783,0.960213
0.858738,0.763977,-0.106957,0.122252,-0.725449
0.268756,-0.441324,-0.298654,0.351814,-0.234144
0.31866,-0.552834,0.395555,-1.191726,0.087202
0.947691,0.590655,0.612102,-0.33382,0.907512
-0.167494,0.404231,0.836549,-0.491602,0.441049
0.511889,-0.581263,-0.426184,0.784123,-0.931729
-0.54001,-0.133257,-0.58089,-0.378653,-0.615451
-1.383288,0.798727,-1.578063,0.066027,-0.211416
0.010498,0.743373,1.05628,0.459253,0.832429
-0.282593,-0.117927,-0.873633,0.058503,0.774162
-1.451685,0.417722,-0.381449,0.320335,-0.931961
0.302474,-0.785037,0.172578,0.488802,0.256846
-1.188728,1.418332,0.306488,0.113911,-0.54976
-1.094286,0.034003,0.755485,-0.053484,-0.157093
-1.113719,-0.27285,-0.673039,-0.465894,0.078956
-0.170714,0.365914,-0.008561,0.668852,0.645928
0.930777,2.640124,0.879166,0.179816,0.483655
0.128295,-0.653867,-0.754568,-0.450859,-1.042541
-1.058986,-0.678913,-0.807591,-0.333769,0.701026
1.514952,-2.066227,-0.825324,-1.034976,-1.008722
0.141823,-0.30269,0.170152,0.627536,0.656832
-0.76041,1.403051,1.221067,-0.625919,1.240646
-1.198769,-1.059913,-0.547933,0.433191,0.951405
-1.423685,-0.136462,-1.071713,0.512563,-1.067896
0.208177,0.083055,0.358127,-0.285412,-0.442213
-1.897155,1.374608,-0.637853,-0.171748,-0.261934
-0.329899,-0.042886,-0.65396,0.358458,-0.29444
-2.221625,-0.678179,-0.863163,0.01458,-0.797446
0.094876,0.587991,0.12892,-0.411952,-0.833898
-0.23084,1.593178,1.426406,-0.967841,0.81609
0.702434,-0.975429,0.293285,-0.923417,0.769239
0.425501,-0.184323,-0.552263,-0.104416,-0.357677
-1.519139,-0.533068,-0.959927,0.181713,-0.79883
-1.150904,0.565203,0.646356,-0.568283,-0.400375
-0.369469,-0.949031,-1.086889,-0.225144,-0.095239
0.783864,0.237854,1.041257,-0.939679,0.581148
-2.20546,2.199957,0.001746,-0.480023,-0.778036
1.785275,0.014058,0.532006,-0.745575,0.891863
0.495307,-0.438611,-0.28436,0.033388,0.317511
0.894522,-0.335703,-0.433971,-0.134328,-0.842356
-0.302926,-1.023424,0.682795,-0.700579,-0.764852
-0.932997,-0.256439,-1.015982,-0.214844,-0.317365
1.320566,-1.84974,-0.797674,-0.36838,-0.207464
-0.604184,1.016311,0.057499,-0.429025,-0.658836
0.228897,-0.109539,-0.846471,0.253151,-0.486058
0.387555,-1.978725,-0.522646,-0.274191,-0.947985
0.003126,-0.720925,-0.739196,0.454053,-0.318113
0.768746,1.349274,0.546581,-1.213131,-1.516185
1.436526,-0.32518,-0.534591,0.323768,0.121221
-0.35882,0.772954,0.106533,-0.165355,0.540685
0.042314,1.492704,1.016512,-0.532807,0.994642
-0.490158,0.942297,-0.334525,0.434149,-0.173408
-0.156707,0.818637,0.593968,-1.278506,0.512646
-1.08265,0.451002,0.494928,-0.24766,-0.368668
-0.316912,-3.229371,-1.259113,0.19556,-1.510992
-1.507149,-1.37666,-1.006987,0.024556,-0.62151
-1.066552,-0.73953,-0.000782,-0.607887,-0.328599
1.017931,1.346404,-0.697607,0.395713,0.340375
-0.717469,-0.908054,-1.410972,1.304325,-1.034336
0.436585,0.006097,-0.538636,1.23704,0.151684
-0.226698,-0.918719,-0.046129,-0.679573,0.751341
-0.124229,1.276222,0.797735,0.650156,0.849996
-0.117165,0.04341,-0.695316,-0.087191,-0.438544
1.900676,0.267814,0.701554,-1.200676,-0.553679
0.414285,0.519971,0.498851,-0.107635,0.934301
1.666034,2.159019,1.669028,-0.543305,0.447356
1.405947,0.218387,1.18225,-0.444917,-0.008302
2.55657,-0.023448,0.18057,0.345275,0.326254
0.763758,0.042492,1.185096,-0.982548,0.848635
0.264892,0.162778,0.183219,-0.419228,-0.748099
0.897459,-2.241189,-1.070443,0.380951,-0.870663
1.623519,-0.214959,1.571041,0.639477,-0.3192
1.392081,-1.46878,-0.312183,0.384699,-1.121583
1.367597,-0.785206,0.490608,-0.436492,0.501915
0.465957,0.39963,0.759782,-0.392621,0.795179
0.608696,0.547115,0.407894,-0.549493,-0.107106
-1.116306,-2.537253,-0.99669,0.396584,1.093498
-1.053192,-2.002138,-0.225643,-0.777164,0.548042
-0.577725,0.774255,0.281056,-0.166545,-0.007225
0.505478,-1.026632,-0.570274,0.434362,0.158223
0.857697,0.042998,-0.177652,-0.309236,-0.313003
0.316852,-0.585685,0.215324,-0.199772,-0.410669
0.08749,1.606433,1.18445,-0.804757,-0.054495
0.089532,-2.359085,-1.020943,0.550077,-1.264736
-2.059145,-1.030045,-0.404184,0.051244,-0.055578
-0.814975,0.755432,0.322115,-0.523514,0.145289
-1.826961,0.226836,-0.068899,0.336777,-0.563368
3.13998,-0.058928,1.141773,-0.077506,0.328577
-0.448645,0.064744,-0.447705,0.289617,-0.106768
1.033217,0.341335,-0.343682,-0.738808,-0.211488
1.785218,-0.840596,1.33523,-1.09533,-0.298531
-0.626572,-0.09136,-0.251106,-0.433416,0.96096
0.677335,1.064082,1.503161,-0.26219,1.056562
-0.660102,0.462795,1.388667,-0.562773,-0.068649
-0.76017,0.32699,-0.559994,0.373096,0.204731
-0.312566,0.780035,0.055249,0.220022,-1.479994
-0.405578,-0.277024,-1.082633,0.283652,-0.031598
0.17566,0.821419,0.520068,-1.256349,0.012604
0.736968,1.130809,0.817551,0.071698,-0.773401
-0.39368,-1.540607,-0.79088,0.063785,0.387744
-0.007096,-0.310916,-0.784755,-0.264823,-1.00615
0.778735,-0.404405,-0.468403,0.72208,-0.445489
0.316364,0.706486,0.679528,-0.774413,0.618359
-2.374746,-0.258325,-1.322625,0.050699,-1.445811
0.196156,-1.239455,0.436893,-0.884077,-0.720296
-1.218156,0.016685,-0.786143,0.180174,-0.023009
-0.384536,1.328692,0.06171,-1.177125,-0.756735
-0.420676,0.682204,0.404538,-1.225305,-0.638689
1.675741,0.883002,0.207783,0.592978,0.494649
1.68428,1.281495,0.304381,0.242127,-0.54942
-0.283188,-0.217332,-0.553786,-0.597212,-0.667059
-1.191361,0.986997,0.635594,0.577308,1.003686
-1.087504,-0.353228,0.995454,0.079914,0.36858
0.24246,1.265462,1.447143,-0.548232,-1.433048
-1.379568,-0.174485,-0.196167,0.431056,-1.497825
-0.037619,-2.134621,-1.112046,-0.178713,0.057991
-0.28652,-0.407593,-0.283298,0.434598,-0.017326
-0.495619,0.206101,0.49367,0.607425,-0.97209
0.595909,0.493705,0.398112,0.958505,-0.037791
0.329253,0.348652,0.574624,0.151457,-0.587949
-1.297888,-0.590645,0.475046,0.45808,0.374454
-0.352186,-0.139487,0.69352,0.046063,-0.30776
0.7723,0.844605,-0.634936,-0.537922,0.206871
0.48154,0.781028,0.168814,-0.487817,-1.010055
0.369224,-1.020901,-0.104802,0.038958,-0.173047
0.803167,0.147768,-0.406266,0.365493,-0.583442
0.954621,0.065369,-0.043589,-0.694069,-1.024337
-2.013542,-0.986357,-0.526866,0.779033,-1.114698
-1.103563,-0.788266,-0.577606,0.125556,0.68935
0.833829,-1.058759,-0.319817,0.09424,1.021053
0.431969,-0.363963,0.300775,-1.057627,0.132101
-1.684318,-0.374196,-0.963957,1.12047,-0.078671
-0.636143,-0.364168,0.604711,-0.757565,-0.10109
1.791903,0.136349,-0.225016,0.498497,-0.297062
0.821577,-1.201488,-0.606797,0.242709,0.364653
0.519223,0.655559,-0.299098,-0.258125,-0.208128
0.301086,-0.597855,-0.734745,-0.055124,-0.154538
-0.644331,-1.89081,-1.153814,0.288371,1.164831
0.16532,0.681318,0.385818,0.274738,0.662115
1.965857,0.498717,0.794077,0.307663,-0.866307
-0.069325,0.10219,-1.142063,1.235898,-0.705003
-0.046026,0.387022,1.424982,0.109831,-0.579376
0.236903,-0.692754,0.493223,-0.677503,0.676045
-0.857275,-0.916567,-0.686255,0.149875,-0.28502
0.458842,0.554959,0.560353,-0.810041,0.429864
-0.288954,-1.248603,-1.0611,0.958416,-0.777249
-0.419596,-0.092471,0.038154,-0.560333,0.785055
-0.107141,0.251053,0.62224,-0.636655,0.569539
1.148424,-0.391923,0.304879,0.447399,-0.429462
-0.710433,-0.27411,0.397139,0.191346,-0.44173
0.301928,0.461999,-0.98399,-0.360927,-0.212709
-0.340426,-0.535395,-0.9903,1.145943,-0.044409
0.495017,1.449322,0.645619,-1.235597,0.082501
-0.458935,0.4582,1.569487,-0.96618,1.404033
0.45655,1.360523,0.045031,0.073818,0.890644
0.808342,-0.711744,0.243435,-0.279626,0.514515
-1.583753,-0.54232,-1.035485,0.522855,-0.238981
0.302827,1.116403,0.545381,0.005991,0.794077
-0.496679,-0.17994,0.301407,0.463476,-0.561083
-0.031193,-0.52565,0.347985,-0.646188,-0.230268
1.814414,-0.989246,0.066914,-0.422057,-0.484746
-0.279878,1.327023,1.001637,-0.711461,0.190355
-0.46313,-0.45798,-1.109266,0.852013,-0.667733
1.634679,-1.312815,-1.073216,0.400649,0.906963
2.327353,-1.761928,-0.47092,-0.502735,-1.341068
-0.912614,-0.841665,-0.995172,1.155729,-0.983265
-0.806287,0.227647,-0.680029,-0.038924,0.207433
0.178611,0.065335,-0.198236,-0.083339,-1.150545
-1.07574,-0.971995,-1.012204,0.897475,-0.097008
-0.993048,-0.586398,-0.765953,-0.956117,-1.857377
-1.003898,0.433913,-1.052435,0.623733,-0.456941
0.300218,-0.815353,-0.585403,0.232983,-0.72464
-0.4012,0.205113,-0.082013,-0.70959,1.449621
1.068388,0.080856,1.244094,-0.706525,0.662552
0.872891,-1.607705,-0.001964,0.770317,-0.743771
0.967011,-2.141829,-0.130721,0.30103,0.117153
0.439109,-1.227219,-0.251745,-0.037277,0.742688
1.470073,-1.930699,-0.466533,0.396654,0.779164
0.580671,-0.445549,-0.397091,-0.34736,-1.090852
0.632271,-0.613566,-0.071484,-0.417857,0.337869
-0.218061,0.626209,-0.509788,0.682008,-0.425938
0.356728,0.537985,-0.066371,0.582266,-0.088867
0.183898,1.424146,0.105182,0.556674,0.332655
0.524117,0.483215,0.332471,0.184158,-0.866363
0.733948,-0.196332,0.489933,-0.246742,0.372709
-0.102051,-0.978296,0.23078,-1.107637,-0.589281
-0.475491,0.899962,0.835505,-0.709312,-0.52565
1.248053,0.39696,0.350939,-0.594869,1.120059
-1.169691,-0.297377,-0.847962,-0.041359,0.14536
0.795994,-0.488377,-0.865557,0.183,-0.065917
0.125433,-0.776263,-0.180373,0.315411,0.35512
1.700557,-0.226628,-0.351462,0.205206,0.383002
-2.569925,1.048695,0.056572,0.126102,0.213602
-1.039005,0.299441,-0.334214,0.561458,-1.515487
0.158832,-0.463922,0.833802,1.614766,-0.781758
0.67219,0.377206,1.375926,-0.043636,0.673147
1.141892,-0.639954,0.383273,-0.385933,1.40548
0.894534,-2.008085,-0.976311,1.405258,-1.670724
0.106626,1.259671,0.633052,-0.755135,0.454307
-2.314713,-1.131119,-0.601359,0.057797,0.38552
0.232637,-1.041112,-0.195726,1.115585,0.112543
0.099897,-0.052329,-0.252658,0.344843,-3.1e-05
0.55319,0.081842,0.550222,0.465317,-0.339748
-0.599459,2.067291,0.164209,0.097853,0.154115
0.617503,-0.091128,1.000689,-0.395846,-0.268335
-0.604675,-0.069619,-1.285379,0.745918,-0.762064
-0.065285,0.356906,-1.461302,0.106452,-1.210186
-0.395766,-0.454806,0.300188,0.792649,0.383839
0.150597,0.220308,1.020496,0.362803,0.088001
-0.35359,0.329791,0.286093,0.314128,-0.82132
0.416445,-0.177913,-0.429808,-0.636477,-0.679114
0.016515,-0.377551,-0.244184,0.214155,0.875737
0.969571,0.335226,0.710632,0.012883,0.96117
-0.182228,0.405739,0.34608,1.216055,1.191122
0.17037,1.50243,0.905906,-0.650828,0.220313
-0.307737,-1.211169,-0.582918,1.270576,1.049006
-1.414072,-0.44447,-0.957996,-0.887663,-0.035575
-0.644052,1.130665,0.863613,-0.566972,-0.209997
-0.20528,0.196368,0.568277,-0.333958,-0.795105
-0.427337,-1.548999,-0.772257,-0.804075,-0.367983
0.742012,0.205584,0.986498,-0.330327,0.24745
1.047388,-0.977589,-0.461967,-0.753366,-0.170477
0.616233,1.370123,0.692043,-1.232892,-1.764292
0.31041,-0.748481,-0.311537,0.837458,0.147266
-1.130157,1.916293,0.341065,-0.106874,0.766908
-0.732924,-0.610789,-0.745885,-0.022457,-0.511131
1.021358,1.122596,0.197794,1.136244,0.337546
-1.35315,-0.7552,0.224689,0.101905,-0.015873
-1.991887,0.837406,0.469833,-1.038643,-0.600931
