visit to Asia,tuberculosis,either tuberculosis or lung cancer,positive X-ray,dyspnoea,bronchitis,lung cancer,smoking
-0.207319,-0.563227,-1.106576,0.990854,-1.097314,-0.230902,0.325422,0.141237
-0.708322,-0.427836,-0.292861,-0.652055,0.61252,0.549717,-0.286909,0.269466
-0.300973,0.564557,-0.731134,-1.352291,0.011549,1.03365,0.909834,0.948516
-0.286731,-0.737232,-0.15456,-0.818793,-0.447648,-0.475347,0.111636,1.353026
0.899857,-0.539846,0.181282,0.522532,-1.111284,-0.812137,0.416098,0.729915
-0.6316,-0.332473,0.197239,-0.381925,-0.210586,-0.982462,0.856261,1.523532
-1.285236,-0.752334,-0.320879,0.944842,0.623627,-0.153254,-0.897662,1.196396
0.402764,0.921959,0.264372,-1.057814,0.987914,0.809873,0.254491,0.187187
-0.26299,-0.575872,0.470858,0.531005,0.435499,-0.521879,0.972786,0.105603
-0.441428,-0.997951,0.17992,0.145898,-0.938846,-0.976125,-0.173582,-0.387248
-1.59836,1.115785,0.606801,-0.306893,0.554683,0.627223,0.006099,-0.448276
0.419459,0.930879,-0.192831,1.493305,-1.110947,-0.792517,0.109268,0.379711
-0.290137,-0.550621,0.121306,-0.173644,-0.225812,0.568726,-0.647466,0.557292
-1.499973,-0.875738,-0.464199,-0.322506,-0.374998,-0.908094,-0.04726,1.33361
-0.787438,-0.964487,-0.063486,0.42161,-0.183358,-0.642874,0.892106,0.740522
0.30626,0.43435,0.782959,0.299508,0.519398,-0.272197,-0.197003,2.49713
1.531937,0.308635,0.979352,0.849753,-0.92079,0.472568,-1.009138,-0.847043
0.764862,-0.753853,-0.549775,-0.188164,-0.370847,-0.411172,0.73358,1.100845
-0.377423,-0.444806,0.345872,0.42696,0.479428,0.610891,-1.000888,0.280305
-0.014285,0.386297,0.960155,-0.586339,-0.243331,1.408736,-0.488493,-0.439836
0.250923,-0.502553,-0.125492,-1.246574,0.413054,0.32703,0.062287,-1.622707
-0.255985,-0.993242,-0.817079,-0.200653,-1.555415,-0.449377,-0.304102,0.449731
-0.766705,0.708533,0.730979,0.085683,-0.124256,-0.483358,-0.554821,0.506935
0.059865,0.231739,-0.451404,-0.623604,-1.09006,-1.072599,0.336283,0.234273
-1.919975,-1.122365,-1.874842,0.135168,-0.272276,0.246081,1.203484,-0.41463
-0.657333,-0.930489,1.138144,0.188558,0.881375,0.089867,-0.703089,-0.20466
-0.509525,0.429051,1.052239,0.805341,1.403149,0.322121,0.335962,-1.429015
1.310669,0.875904,1.341748,1.118798,0.942348,0.718076,-1.03569,-1.070486
-0.294162,-0.705144,0.093588,0.460759,-0.017624,0.582683,0.76003,-0.50277
0.467858,-0.772948,-0.434251,-0.203393,0.735977,0.862447,-0.671459,-2.04368
0.76506,-0.169732,1.218173,1.416038,-0.777816,-0.497334,0.866443,0.307307
-0.134802,0.002143,0.918032,-0.571957,0.977882,-0.253916,0.483115,0.853817
-0.693012,-0.682976,-0.19039,0.286218,-0.015805,0.01472,0.786105,-1.258946
0.905462,-0.747115,-0.040815,0.125901,-0.646164,0.849002,-0.608771,-1.557405
1.252513,0.401676,0.752455,-0.142197,0.035642,0.045724,0.619685,-0.81176
0.718734,-0.033459,-0.541369,-1.474016,0.693731,0.701248,0.740107,0.250133
0.084985,-0.168248,-0.712566,-0.630835,0.990106,0.163079,-1.146849,0.139154
-0.400292,-1.108849,-0.100023,-0.869902,0.617256,-0.129432,0.837997,-0.733411
0.654717,1.087773,0.505406,0.467204,0.235174,-0.621996,1.081652,1.275632
-0.236622,0.805829,0.056516,0.194494,0.266489,1.208069,0.473098,-0.123757
2.427722,1.324622,1.098246,0.830002,0.661664,-0.221571,0.783755,-0.609727
-1.734423,-0.662368,0.302393,-0.214017,0.771146,0.289527,-0.7984,0.422072
0.819533,-0.132368,-0.217059,0.504963,0.570001,0.236001,-0.107687,-0.329784
-1.102127,-1.088174,-0.14077,0.310645,0.826616,0.894444,0.415149,0.793141
0.19576,-0.197224,-0.350661,-0.864157,-0.068615,-0.570294,0.019123,0.668066
-0.754262,0.051888,-0.174574,0.12382,-0.645392,0.001583,0.519641,-0.825404
-0.861613,-0.357376,-1.189386,-0.880707,-1.622898,0.058206,1.065991,1.20882
1.000736,-0.113138,-0.464213,-0.372604,-0.407582,-0.839903,0.109949,0.633952
0.399762,-1.048018,-1.174235,-0.609998,-0.109553,-0.640976,1.197162,1.288887
1.778654,0.937606,0.224554,0.102557,0.583664,-0.099164,0.916296,1.129433
0.265803,1.111982,0.048912,-0.288956,1.116631,0.345086,0.373757,-0.195088
-0.194423,1.118779,0.093523,-0.120573,0.376128,0.439887,-0.734352,0.03951
0.917602,-0.188298,0.057885,0.669065,0.697584,1.365103,-1.068135,-0.479802
0.498201,0.170196,-0.027248,-0.990108,-0.646453,-0.296269,0.366939,-0.161314
0.483843,0.162806,0.906443,0.478843,0.711427,1.152531,-1.289545,-1.588436
0.222253,-0.697315,-0.494169,-0.436077,0.481271,0.31717,0.601278,-0.05289
0.688457,-0.354889,-0.709458,-0.815255,-0.075678,0.727025,-0.202614,-0.956163
0.540101,-0.442253,0.092753,-0.096229,-1.116066,-0.234088,-0.163348,0.012727
0.037457,-0.858485,-1.063905,-0.004699,-0.230383,0.091673,0.095587,0.900953
-0.191678,-0.901225,1.193996,-0.567355,-0.675633,-0.184511,0.616811,2.275264
0.961254,-0.370847,0.757307,0.923973,-0.426705,-0.523876,0.467259,2.186022
-0.064537,1.025104,-0.153126,1.044071,-0.283651,1.060491,0.163011,-2.424556
-1.185358,0.507572,0.981593,-0.15268,0.755753,-0.342294,-0.640687,-0.214464
-1.671619,-0.501619,-0.572218,0.106074,-0.684748,0.143206,-1.303644,-1.199223
-1.140761,-1.286833,0.632598,0.972347,-0.106574,-0.851713,0.801525,-0.66526
-1.063856,-1.221916,0.889373,-0.06374,0.692491,1.038666,-0.356943,-0.854616
2.030949,-0.456587,-0.653368,-0.381314,-0.187658,0.886455,-0.038594,-0.5128
-0.296063,1.459864,-0.622674,0.039957,0.138369,0.685263,0.761701,0.769315
-0.651496,-0.018198,-0.459846,0.30064,0.196035,0.438068,0.381049,-0.792335
0.98004,0.186355,-0.008321,-0.284571,0.59542,0.378106,0.429798,0.652472
0.017419,-0.188732,1.186748,-1.12707,-0.49273,-0.277552,-0.670891,-1.03664
-0.512248,0.348061,-0.148836,-0.38123,0.927085,-0.711295,0.315706,-0.270144
-1.52972,-1.320524,-0.819421,-0.986502,-0.941526,0.060557,0.574553,0.381447
-0.318372,-0.112746,0.356619,-0.01452,0.290414,-0.240811,0.463601,-0.100791
0.92145,0.508642,-0.051018,0.640562,0.634754,0.16435,0.395758,0.550346
-1.680019,0.334401,-0.764113,1.0225,-0.67773,-0.985498,-0.766004,-0.411852
-0.049555,-0.545962,-1.344037,-0.418447,-0.759078,-0.165522,0.051439,-1.378599
0.428028,0.46895,1.160544,0.20001,0.656417,1.378046,0.036608,-0.577379
1.030619,0.201394,-1.245532,0.213794,0.093231,-0.448873,1.026279,0.649545
-0.50485,-1.091746,-0.938361,-0.956715,0.094808,0.149191,0.608888,0.246421
-0.319206,-1.413517,-0.388831,-0.95136,0.907677,0.513374,-0.407327,0.12935
1.182433,-0.383905,0.026748,0.467941,0.657474,0.026479,-0.163275,-0.934024
-1.118588,-0.62814,-0.890009,-0.715756,0.155418,0.132183,-1.239342,-1.049004
0.090937,-0.008138,0.172182,1.215134,-0.265884,0.515823,1.121505,0.916465
-0.390832,0.573222,0.476487,0.383086,-0.31108,-0.878258,-0.574177,1.781997
1.112546,0.398713,0.066379,0.723503,-0.256914,-0.183312,-0.623672,0.647656
1.075325,0.509568,0.633738,-0.846666,0.016786,0.031589,1.078446,0.618953
-2.134254,-0.512478,0.256803,-0.764758,1.822216,0.41644,-0.097838,-1.130556
-0.147696,-0.453684,0.543684,0.475198,0.723056,0.60296,-0.393179,0.763111
1.014181,-0.429882,-0.697732,0.18349,-1.758703,-0.895852,0.798067,0.431201
0.503564,0.663136,1.345567,0.524905,0.508099,0.035821,-1.256148,0.752195
2.064277,0.437774,0.344055,1.030898,1.41147,1.084306,-1.502534,-1.22632
0.217724,-0.412521,-1.023596,0.644913,-0.258193,-0.458712,1.097756,1.131166
-1.483323,-1.550393,-0.594667,0.120625,-0.098477,-0.068673,-0.808951,0.60043
0.317716,0.320804,0.283152,0.127658,0.906473,-0.797936,0.574537,-0.090585
-1.205768,-0.320847,0.469866,0.589695,-0.754372,0.826933,-1.566237,-1.136343
-0.634967,0.190282,-1.081949,-0.674289,-0.832118,-0.525726,0.983407,-0.226611
-1.988558,-0.656235,0.276092,-0.210735,-0.473642,0.484703,-1.269296,0.077738
0.206415,0.622288,-0.526951,-1.269259,-0.084978,0.919899,-0.629208,-0.216038
-0.119608,0.435191,0.117237,0.04242,-0.193463,-0.78564,-1.313586,-0.303075
1.516735,-0.74936,-1.637623,-0.135691,0.125355,-0.812175,-0.143161,1.929792
0.675913,-0.253955,0.152835,0.754605,0.123511,0.995727,-0.14152,-1.368878
-2.107012,0.738601,0.802924,-0.123979,0.363103,-0.268632,0.004278,-0.017287
0.535396,0.769741,0.354842,0.900247,-0.054223,-0.626099,-0.188213,-0.427517
0.407353,0.161748,-0.419698,-0.406653,-0.6858,0.037132,1.008539,1.776225
-1.360345,-1.104057,-0.643127,0.082115,-0.678152,-1.145814,0.835974,-0.206941
-0.221333,-0.770081,-0.934062,0.896575,-0.032422,0.069442,0.806612,0.12805
-0.736789,0.837312,-0.088508,-0.009268,-1.125174,-0.530564,-0.381128,0.650744
-0.596053,0.000886,-1.038321,-1.051878,-0.496094,-1.639192,0.57859,0.72113
0.629024,0.001767,0.693265,-0.422029,0.640638,-0.79626,0.557639,0.715359
0.026389,-0.011893,-1.150124,-0.781459,0.76203,-1.405301,1.247482,1.692203
-1.019178,-0.687749,-0.751132,-0.901532,-1.223751,-0.221399,0.661235,2.532144
-2.170992,-0.960453,-0.847722,-0.737009,-0.101653,1.079227,-0.276909,-0.095852
0.270033,0.968871,-0.13947,-0.643086,0.858261,0.746035,-0.524189,-0.165414
-1.265044,0.819334,1.354516,0.204136,0.848222,0.022539,0.63074,0.795255
-0.657913,-0.119301,-0.720033,-0.111437,-1.51849,-0.837967,1.150483,1.058549
-0.268657,0.504286,-0.11791,0.62889,0.761575,1.071283,-0.526216,-1.593054
-0.111525,-0.335415,0.032536,-0.609434,0.26736,1.124209,-0.396181,-1.217948
2.59303,0.463151,-0.352682,0.716786,-0.737817,-0.893341,0.025678,1.18378
0.35298,0.103775,-0.966617,-1.100478,-0.170421,-0.312204,0.191945,1.156794
0.15139,0.470476,0.591958,-0.12181,0.999451,0.021282,0.130931,0.057627
-1.368214,-0.925721,-0.603999,-1.134199,-0.664135,-1.115536,-0.934097,0.6286
-0.593981,-0.261908,-0.759954,0.458781,-1.119129,-0.349445,1.298427,0.606574
0.299559,-0.642258,-1.271273,-0.905832,0.814324,0.489905,-0.471402,0.087643
-0.410186,-0.722938,-0.44868,0.429598,0.021118,1.071458,0.409805,0.640854
-0.663089,0.459457,-0.212229,0.670813,1.122616,1.243599,0.043311,1.064101
-1.121454,-0.185179,0.913885,0.698063,-0.01363,-0.949058,-0.923254,0.137679
0.258605,0.57443,-0.220884,0.492594,-0.646489,-0.542731,0.83644,-0.033649
0.392999,0.11789,0.729285,-0.798636,-0.211468,0.004479,-1.367615,0.028572
0.426941,-0.461593,-0.356487,-1.026191,1.462542,1.039861,-0.12391,0.783141
-1.055467,-0.195933,-0.686489,-1.117634,-0.968387,-0.169263,0.31591,-0.565584
-2.673438,0.268295,0.21608,-0.786209,0.022981,-0.972322,0.854278,2.68451
-1.020379,-0.991399,-0.118997,-0.388368,0.263096,0.57547,-1.461168,-0.665313
-0.141216,-0.707929,-0.779512,0.234022,-0.865455,-1.413746,-0.4596,0.468753
0.794952,-1.58618,0.144493,0.592869,-0.589903,-0.228911,-1.157016,0.104574
0.978388,0.674241,0.48794,0.342094,0.198515,-1.039515,0.171347,0.718814
2.091946,0.770681,0.874646,-0.286016,0.915879,0.553032,0.554618,-1.194858
-0.611524,-1.029896,-1.059501,-0.862098,0.539818,0.743032,0.118373,-0.062255
-0.544996,-0.620617,0.945748,1.038339,-0.792868,-0.672937,-0.089989,0.037279
0.961449,-0.002263,-0.216187,0.593669,-1.349135,-0.152148,-0.09388,-0.298916
-0.935381,-0.491888,-0.864527,0.003638,0.580732,0.991607,-0.784556,-0.71352
-0.554175,-1.498929,-0.965406,0.763989,0.548735,-0.17385,-0.254425,0.212541
-0.740564,0.450135,0.921958,-0.714767,-1.150278,-0.456135,0.225143,-0.318493
-0.190202,-0.992203,-0.004847,-0.887795,0.637698,-0.018565,-0.695892,-0.775407
-0.22302,0.927293,0.242153,0.675831,-0.204601,-0.079758,-0.324865,-0.649543
0.409113,0.740296,0.930658,-0.342884,0.369648,0.653604,0.320666,0.454613
0.138642,0.254711,0.706581,-1.223396,1.297598,0.261913,-0.429473,-0.076099
0.766042,-0.525385,-0.683863,-0.46134,-0.99211,-0.949335,0.589147,0.067327
1.13805,0.313409,0.12493,0.722286,-0.390291,-0.891019,0.60263,0.754574
0.130784,0.182403,-0.892281,0.246554,-0.677456,-0.084524,1.036284,0.332074
-0.808886,-0.934316,0.462923,0.686805,0.334564,0.692885,-0.441952,-0.372551
0.490469,0.455643,-0.112554,0.930015,-0.021133,0.648072,-0.572267,-0.29063
2.840139,-0.251432,0.973044,0.562672,-0.104275,-1.219059,0.706122,1.551501
0.577431,0.696868,0.229482,-0.43585,0.306412,-0.291585,1.421512,0.674187
-1.357211,-1.173546,-0.466803,-0.656021,0.608682,0.332777,0.370945,-0.023091
-0.095229,0.107647,0.805445,0.650722,0.059049,-1.14878,-0.567075,-1.035042
-0.648104,-0.707682,-0.55445,0.071892,1.079543,0.620669,-0.324315,-0.010346
0.021619,1.109394,0.143229,0.289783,-0.65689,-0.886151,0.811236,0.034987
-0.196633,-0.432465,-0.658902,-0.885684,0.621582,1.009905,-0.770039,-1.030648
-1.263895,0.163719,-0.201867,0.331187,-0.071789,0.255846,0.274014,0.274043
-0.511655,-0.783475,0.531003,0.06388,0.255069,0.171138,-0.243156,1.085961
-0.957276,-0.194568,-0.278382,-0.701193,0.10152,-0.352301,0.888426,0.812643
0.812351,-0.247523,-0.70525,-1.046549,0.366749,0.436674,0.733117,0.69747
-0.348621,-0.29986,-0.373042,0.275695,-0.92205,-0.638254,1.080212,2.397334
-1.244285,0.466847,-0.705399,-0.444441,0.316181,-0.18031,0.844267,1.132254
1.554409,-0.28131,1.10636,0.190496,1.413108,0.799586,-1.028533,-1.599078
-0.402876,-0.13336,-0.875744,-1.131284,-0.664623,-0.671366,0.513147,0.173252
-0.488836,0.03007,-0.233126,0.676506,0.253805,-0.413959,0.01276,-1.284266
-0.390236,-1.079802,-0.98759,-0.188839,-0.713857,1.229314,-0.107794,-0.829292
-1.052744,0.449007,0.653441,-0.878955,0.435501,0.067213,0.095036,-0.467056
-2.200896,-0.513081,-1.193935,-0.34067,0.162126,-0.062459,0.994172,0.587786
-0.869401,0.145459,-0.558621,-0.535234,-0.886528,-0.337139,0.837502,0.523332
-0.202351,-1.39545,-0.65905,0.840788,-0.254857,-0.413239,0.425694,1.113017
1.082186,0.017781,-0.256054,-0.888481,0.199199,1.048207,0.240249,-0.751738
-0.057969,-0.201127,-0.009396,0.292717,-0.860156,-0.280061,0.36669,0.06664
-1.520254,-0.324044,0.521158,-0.537358,0.189666,0.830149,0.1311,-0.655299
-0.368467,0.849296,1.158707,0.352335,0.437523,0.424604,-0.36553,-1.691906
-0.939802,0.153337,1.336765,0.977117,0.917872,0.391516,-1.485139,-0.812286
-0.250345,-0.820031,-0.322644,-0.472112,0.090588,0.499419,-0.396591,-2.481364
-0.0578,1.050609,0.35794,-0.673658,-0.443023,-0.347373,0.136514,1.17215
0.095212,-0.085455,0.301764,-0.542875,0.942515,0.543156,-1.504735,-0.734323
2.123033,0.076352,0.266171,0.496163,0.433511,-0.191339,0.277121,2.203907
0.960782,0.109683,-0.880454,-0.919324,-1.040408,-0.045668,1.018194,0.740856
0.071025,-0.96278,-1.785604,-0.797573,-1.21173,-0.999827,0.168455,-0.233082
-0.764483,-1.180963,0.188744,0.364126,-0.070265,0.339847,-0.924869,0.029452
0.903913,0.452598,-0.797903,0.197726,0.981438,0.953547,-0.445042,0.272419
-0.480019,0.224692,0.341124,0.357691,0.474708,-0.863329,-0.398529,0.795983
-0.214609,-1.049993,-1.40906,-0.106097,-0.013683,-0.572124,-0.411633,0.673939
0.41135,-0.071861,-0.91758,-0.358566,0.825213,0.66985,-0.236508,0.484061
-0.991426,0.034719,-0.711617,0.119137,-0.578559,0.434111,0.921661,-0.053306
0.383708,-0.415673,0.880384,0.321791,0.683685,0.590268,-1.176687,-0.939821
-0.773681,0.641696,0.57386,-0.247794,1.215985,1.207137,-0.672254,-0.743567
0.987426,0.078104,0.481227,0.449173,-0.421856,-0.840569,-0.68906,1.68835
1.228507,0.234554,0.155881,0.493849,0.869435,-0.880546,0.995414,1.190321
-0.200115,-0.484892,1.263776,-0.188156,-0.547923,-0.670378,-0.796309,0.67713
1.048173,0.392039,0.877949,0.457254,-0.689415,-0.565894,-0.245151,1.016292
-1.170016,-0.61004,0.540658,0.3926,0.387382,1.256922,-0.447495,-1.060834
1.166116,-0.362471,-0.555554,0.345022,-0.271197,-0.842277,0.20946,1.181499
-0.659054,0.368103,-1.234093,-0.326601,0.538711,-0.534078,0.716718,2.342711
-0.04458,0.699058,-0.445605,-0.017405,-0.588717,-0.291146,1.039073,0.887685
0.447884,0.266436,0.089234,1.170366,1.233104,0.509416,-0.057322,0.377487
-1.994723,-0.997353,0.044649,-0.427884,0.187621,0.117211,-0.387959,1.249358
-1.736822,-0.889157,-0.089057,1.016218,-0.683703,0.265099,-1.463234,-0.23061
0.501457,1.292851,-0.003466,-0.035334,-0.094188,0.515543,1.111868,0.908727
0.022129,-0.30885,-0.285023,-0.327504,-0.884571,0.085287,0.488343,0.283022
0.765152,0.772329,0.566765,-0.643234,-1.553495,-1.231442,-0.409872,1.173701
0.331923,-1.235692,-0.747858,-0.248067,0.237961,-0.473895,0.361764,0.76162
1.808544,0.703432,-0.432257,-0.579915,-0.540085,-0.04175,-0.810877,0.676435
-0.583399,-1.158766,-1.62428,-0.578771,-0.911315,-1.744767,0.923232,1.641402
-0.544759,-0.462807,-1.140662,0.714708,0.965191,1.084375,0.446601,-0.537077
-0.510138,0.030274,-0.445142,-0.503887,-1.044424,-0.444672,-0.111838,0.44163
0.170145,-1.557578,0.55543,-0.157792,1.240237,0.436558,-0.693819,-0.712628
0.929692,-0.07161,0.277315,0.481949,-0.317959,0.057468,-0.22046,-0.167119
-0.464285,-1.268574,-1.635429,-0.019244,-0.314526,0.320347,-0.563973,0.048544
1.133966,-0.764744,-1.129392,-0.645335,0.028354,1.021885,-0.782058,-2.852679
-0.470313,-1.025988,-0.123242,-0.839865,0.698107,0.827254,-0.865401,-0.278078
-0.641627,1.271426,0.34973,-0.968159,-1.095229,-0.99416,0.755439,0.615704
-0.027318,-0.482524,-0.478435,-1.25066,-0.220404,-0.432416,0.206257,0.703872
-1.928085,-0.937842,0.336683,-0.038182,-0.568131,-0.602963,0.6464,1.496857
-1.08193,-0.464768,-1.11824,-0.308817,-0.831805,-0.860243,1.107127,1.298489
0.441662,0.889221,-0.034039,-0.634179,1.01066,0.717903,0.133334,-0.598748
0.714115,-0.929424,0.092292,-0.690229,-0.221916,0.221317,-0.672469,-1.282526
0.208766,0.9493,0.351243,0.28559,-0.130104,-1.294896,-0.479989,1.272001
-0.838423,-0.156192,-0.969449,-0.414283,-1.502415,-0.427984,-0.469098,-0.986553
0.718694,-0.886077,0.470063,1.38285,-0.639629,-0.803586,-0.474483,-0.095663
-0.696893,-1.255272,0.148872,0.811529,-0.386219,0.289956,-0.254205,-0.38142
0.523447,-0.437448,-1.353498,-0.264208,-0.817762,0.974825,0.971673,-0.140454
-0.711223,0.953002,0.393757,-0.235961,0.569081,0.632514,0.409186,-0.81904
-1.600627,-0.043983,-0.103736,-1.120919,-0.299277,-0.020184,-0.662517,0.441822
0.786087,0.776029,0.723872,-0.46748,1.177529,0.518958,0.842177,0.191278
-0.852805,0.472728,0.374055,-0.214563,0.499924,0.694541,-0.007128,-0.358335
-0.532351,-0.073868,-0.318427,0.599119,1.401305,0.404608,0.535482,0.512202
0.031405,0.808463,0.848316,0.989686,0.426487,-1.019109,0.570157,0.979203
-0.316027,-0.163809,-0.789424,-0.895033,-0.216657,-0.272056,1.214092,0.272286
-0.539115,-0.768642,-0.204328,-0.131794,0.341505,-0.149396,0.65778,0.813097
-0.895866,-1.22632,-0.768155,0.433681,-1.538936,-0.142692,0.551395,0.651135
-2.139624,-0.584831,0.525835,-0.198108,-0.13096,-0.659724,0.355574,1.143093
-1.444423,-1.027024,-1.284868,-1.12572,-0.240919,0.077404,-0.371067,-0.971515
-1.585689,-1.014849,-0.776691,-0.334538,0.556326,0.341567,-0.949841,-1.028984
1.532119,-0.197466,0.490528,0.971212,-0.916817,-0.800787,0.343208,1.136789
0.177759,-0.999681,-1.312634,-0.130738,-0.191,0.10078,0.061559,-0.670044
-1.464109,-0.091614,0.513318,0.885361,-0.91514,-0.270428,-0.017164,0.079685
2.121646,0.104173,-0.163129,-0.122335,-1.874269,-0.694337,-0.686112,-0.459069
1.330951,0.703527,0.125517,1.272881,-0.011734,0.975141,0.684433,0.354263
1.348629,-1.250278,-0.540556,0.170629,0.273756,0.603559,-0.565426,0.601424
1.467351,0.449205,-0.11894,1.482187,-0.230094,-0.801979,1.092323,0.79357
-0.323101,0.38015,0.017877,-0.381739,1.040923,0.798446,-0.63344,-0.595693
1.570895,0.647864,-0.559989,-0.722105,-0.272391,-1.169971,0.620002,1.517249
1.352543,0.119497,0.13597,-1.053444,0.616052,0.228651,1.440411,0.991572
0.333304,-0.925015,-0.244376,-0.105808,-1.567997,-0.856498,0.010825,-0.085096
1.010171,-0.469341,-0.525458,0.414406,-1.082555,-1.021891,0.01897,-0.707717
0.909748,0.04155,-0.670824,0.170546,0.511882,1.401367,-1.293135,-1.661661
0.682255,0.749348,0.689357,0.291169,0.647232,0.798433,-0.597181,0.348323
-0.450247,-0.942852,0.258538,0.384266,1.042168,1.32147,-0.415257,-0.270266
0.657421,-0.858464,-0.462348,0.587732,0.173989,-0.513627,-0.494517,-0.071717
1.014036,-0.470076,-0.622338,0.996853,-0.232901,-0.235865,0.655598,0.481799
-1.49479,-0.606898,-0.323352,-1.352616,-1.282618,-1.024153,0.31824,0.785208
1.180016,0.17315,-0.542483,-0.711806,0.065647,-0.07758,-0.261116,0.854641
2.363189,0.559965,1.023904,-0.318286,-0.119329,0.425163,0.808422,-0.371071
0.865461,0.329483,1.236464,0.958595,0.399674,1.243213,-1.239061,-2.378245
-0.62491,0.086383,0.625592,-0.52608,-0.573787,-0.585882,-0.959592,-0.386324
-1.845158,-0.14683,0.236557,-0.155932,0.404468,0.628598,-0.196474,-1.336594
1.147165,0.32358,0.500769,0.083856,-0.293228,0.435377,-0.293298,-0.020027
0.952105,-0.340066,-0.436902,-0.910838,-1.076006,-0.798868,0.10629,1.516896
-0.89277,-1.17886,0.281906,-0.678817,0.554931,0.260711,-0.347602,-1.275233
-0.4529,-0.422067,0.533869,-0.657342,-0.514604,-0.032173,0.610158,0.820218
-0.268253,-0.852669,0.200764,-0.498939,0.314143,0.507203,0.73395,-0.124495
-0.184738,0.773585,0.561291,0.685728,0.899073,0.732112,-1.08359,-0.458001
-0.008135,0.869452,1.076716,0.1204,-0.650474,-0.374641,0.040126,-1.181709
-0.804343,-0.161861,-0.401549,0.06716,0.119513,-0.916135,0.190238,1.114172
0.127014,0.940284,-0.275867,0.421677,-0.076568,-0.22479,0.659208,0.318587
0.325494,0.462432,-0.589789,-1.010112,-0.238061,-0.144648,0.341815,1.217396
0.34135,-0.639636,-0.425626,-0.058609,0.535738,0.635047,-0.756196,-1.34078
0.391938,1.339638,-0.191092,0.217067,0.916123,1.070361,-0.667998,-0.845018
-1.02714,-0.128545,0.543224,0.002767,-0.466026,-0.009293,-0.087552,0.549694
0.45329,0.870677,-0.498591,1.01533,-0.258919,0.09433,0.556511,0.549756
-0.47904,1.502039,0.960449,0.977866,-0.023387,-0.080155,-0.438816,0.152839
-0.246156,-0.661023,-0.159018,1.032058,0.042786,0.311638,-1.240661,-0.433621
-0.434759,1.041585,0.661061,0.177856,1.251833,-0.941506,0.271755,-0.49841
-0.756781,0.516942,0.471369,1.12472,0.433059,-0.320558,-0.891758,0.333071
0.361287,-0.492596,0.56213,0.730573,-0.332433,-1.074105,0.623772,-0.028564
-0.495209,-0.180876,0.400173,-0.27314,0.745614,-0.032549,0.282911,-0.311149
-0.045127,0.974892,1.534606,-0.516177,-0.175695,-1.068382,-0.395431,1.341289
1.476349,0.715646,-0.673403,-0.563629,0.477553,0.293091,0.288275,0.225647
0.77984,0.356189,0.702011,1.177325,-0.159414,-1.035311,-1.214437,1.404153
0.751638,0.020557,0.367392,-0.945611,1.000026,1.187125,0.723277,-0.148593
0.842062,-0.510381,-0.401867,0.686336,1.312627,0.875882,0.001339,0.222542
0.157559,0.760571,-0.344846,-1.011815,-0.386125,0.388372,-0.980903,0.419648
-0.019197,-0.165515,0.465768,0.256088,0.211456,1.364026,-0.643907,-1.064991
-0.667241,-0.472333,-0.565479,0.549141,0.364412,-0.00166,-0.290534,1.008192
-2.832686,-1.408001,1.283752,-0.562833,1.228645,0.258853,0.888622,-0.398763
1.3985,1.313017,0.069471,-0.18247,-0.832636,-0.697868,-0.612876,-0.895447
0.526571,1.06851,-0.466039,-0.206375,-0.64775,-1.06153,0.216276,0.895732
-0.669395,-0.797313,0.530414,0.905102,-0.554309,-1.128566,-0.301556,0.232977
1.178727,0.816486,0.505556,0.057104,-0.356329,-0.252852,-0.785154,0.593344
0.235712,0.706161,0.410082,0.68376,1.299022,1.125663,-0.042437,-1.107235
0.123898,-0.302765,-1.069297,-0.791521,0.75599,0.621083,0.46486,-1.585846
-0.536003,0.493686,-0.338867,-0.4874,0.254747,0.388457,-0.418842,-0.171673
0.565317,0.551515,1.055185,-0.143716,0.598537,0.682755,-0.136333,-0.284734
-0.928746,-0.199225,-0.695544,-0.385627,-1.378664,-1.279445,-0.146908,-0.523595
0.134355,-0.357673,0.903077,0.719862,0.726386,0.817395,-0.169564,-1.627813
0.468676,-0.726,0.166127,-1.198516,0.082237,0.059089,-1.676333,-0.455186
-1.768981,-0.272902,0.737821,-0.712696,-1.294703,-0.157844,-0.778351,-0.273348
-1.730771,0.353532,0.412302,0.562344,-0.377584,1.360427,0.523041,-1.157961
-0.352393,0.349967,-1.063698,-0.837157,-0.272356,0.675598,-0.300284,-0.711968
1.025094,0.339918,-0.019265,0.096904,-0.662112,-0.944289,-0.214236,0.99769
-0.002613,-0.62185,0.278222,-0.787311,-1.580114,-1.334028,0.631882,1.031616
-0.30642,-0.320179,-0.670842,-0.33847,-0.113884,1.290973,-0.276281,-1.642042
-1.608603,-0.258651,0.022118,-0.640718,0.687492,-0.057893,0.654591,0.424989
0.824386,0.247836,0.796913,0.411042,-0.204448,-0.557088,0.240055,0.256898
0.325366,0.303565,-0.239566,0.170033,-0.516311,-0.057523,0.777212,0.736872
0.872684,-0.215212,0.113264,0.668002,0.012837,-0.076761,0.669925,-0.693627
0.841363,0.599113,-0.921148,-0.895621,-0.70495,0.88052,-0.618624,-1.371706
0.759801,0.288371,-0.562002,-1.231707,-1.238431,-0.877861,0.31934,-0.396465
-1.456419,-0.225963,-0.494481,-0.104164,-0.354667,1.272473,0.149099,-0.098482
1.70225,-0.223308,0.132714,-1.272425,0.363685,0.362891,-0.219235,0.420902
1.618326,0.984585,1.261389,0.969732,0.977071,0.205442,0.133231,-0.342313
-1.663588,-1.479798,-0.4482,-0.038532,-0.202237,-0.033954,-0.122517,0.402476
0.358864,-0.18308,-0.227464,0.07165,-0.542048,0.568068,0.830607,-1.162175
-1.068615,0.418723,-0.557298,-0.266595,-0.420842,-0.689877,0.527301,0.236243
-0.528309,-0.398249,-0.172625,0.899043,-0.717304,1.155843,0.210688,-0.589416
0.925003,0.577551,-0.44861,-0.58831,0.506717,0.550724,0.869714,-1.045709
1.148135,-0.894913,0.405405,1.259088,0.810872,-0.126162,-0.217997,-0.245552
0.778947,-1.00024,-0.166541,-0.068823,0.3375,0.122152,0.023887,-0.072466
-0.816621,0.532569,-0.259544,-0.782256,-1.418918,-0.971916,0.341058,-0.005964
-1.068483,-1.068217,-0.778523,0.106489,-0.406379,0.574996,-1.013326,0.244963
0.512928,0.553049,0.575121,0.053596,-0.691598,-0.085695,0.739014,0.655236
0.166146,-1.03833,-0.81158,0.482606,-0.172458,-0.757873,1.213737,0.935614
-1.329569,-1.075469,-1.406355,-0.65533,-1.658096,-0.1026,-0.55954,0.666317
1.422391,0.428721,0.26787,-0.911154,-0.199029,-0.743082,-0.388471,-0.064664
0.350982,0.861293,-0.147885,0.103829,-0.04203,0.255719,-0.065523,-1.119976
1.517272,0.739131,0.984905,0.735803,0.394565,-0.280116,0.184352,1.315045
0.947748,1.486406,1.020814,0.957104,0.651302,0.428816,-0.282272,-1.309455
-0.871571,-0.774748,1.180702,0.663323,1.288839,0.862314,0.154567,-1.235331
-0.778783,-0.519981,0.261425,0.689785,0.134185,1.005675,-1.005803,-2.279306
-0.695011,-0.008248,0.082645,-0.481443,-1.384863,-0.093226,1.080199,-0.599985
1.836434,0.157174,0.428326,0.930295,-0.69144,-0.397662,0.398991,0.515547
0.329121,0.720902,-0.508311,-0.316926,0.347067,-0.018397,0.742178,0.307802
-0.906669,-0.479879,0.584353,0.097392,0.852647,0.33298,-0.019395,-0.26019
-0.113539,0.390022,-0.396083,0.336322,0.808513,0.865123,-0.191539,0.242721
-0.163894,-0.166729,0.797395,0.017832,0.485959,0.065869,-0.532739,-0.811093
0.821253,-0.860708,-0.034271,0.212399,0.322526,0.452521,-0.471702,-0.877055
-0.223475,-1.307934,-0.862783,-0.349749,0.831863,0.498826,0.966724,0.336432
1.38076,0.981842,0.804763,0.703789,0.845922,0.102238,0.059975,0.019476
1.201517,1.072913,-0.291699,0.284442,0.855479,0.179684,0.280989,0.711058
-0.022813,-0.407489,0.209308,0.413562,0.819607,0.195887,-0.87041,-0.955507
-2.119629,-1.008853,0.255504,0.838203,-0.048769,-0.16752,-0.026034,-0.512858
-0.877181,-0.640332,0.284142,0.781534,-0.20578,0.885883,-0.237919,0.55935
1.368212,0.375659,0.382527,-0.83894,0.639289,1.063134,-1.283353,-0.769971
0.533681,0.91554,0.995037,0.562623,0.77894,0.57464,-0.749137,-1.387767
-1.168981,-0.387424,0.616068,0.448395,0.961508,1.049758,-1.935904,0.125976
-0.741273,-1.323356,-0.663846,-0.841875,-0.030258,-0.031321,-0.732646,-0.663823
-1.178971,0.155175,0.072791,-0.216569,0.344497,0.418945,0.321582,1.33176
1.940016,0.614223,0.309819,-0.665386,-1.050303,-0.711958,0.966953,1.829842
0.50296,-0.49385,-0.153453,0.432411,-0.60257,-0.135125,0.164955,-0.012713
0.243586,0.809672,0.319064,0.700569,0.928631,1.680513,0.349978,-1.489141
0.648529,-0.601511,-0.385524,-0.712005,-0.247564,0.597398,-0.090368,-1.935673
0.834567,-0.098176,0.004927,-0.745498,-0.16526,-1.210381,0.344853,1.875747
-0.064177,0.623069,-0.211546,-0.546037,-0.864643,-0.656267,0.687919,0.32036
0.636867,0.419138,-0.679062,-0.871443,0.269956,-0.444632,0.661978,1.594291
-0.270723,0.064922,-1.309023,-1.307495,0.668554,1.280309,-0.134749,-1.138931
0.17738,-0.723113,0.083904,0.086287,0.383593,-0.898671,0.819829,1.128835
-0.178885,-0.288614,0.609952,0.759934,0.05305,-0.274536,0.551743,2.263678
-1.346418,-0.761717,-0.665392,0.242689,0.288275,1.115085,0.756186,-0.704239
-1.011613,0.637165,0.129068,0.812038,1.288556,0.063268,0.306969,-0.271833
-0.375786,-1.120056,-0.334446,-0.761614,-0.033408,-0.072401,0.694016,-0.041834
-1.473403,-1.295166,0.001384,0.945118,0.631826,-0.110421,-1.310254,1.221749
-0.905308,0.821951,0.991323,0.235811,1.052189,1.069348,-0.329985,-0.751022
-0.817094,0.422893,0.617371,0.505041,-0.668077,-0.079465,0.190253,0.601621
-0.943195,0.660252,0.888268,0.833027,0.173403,0.073815,1.010888,0.582176
0.048481,-0.061842,0.53421,0.036151,0.794852,1.336528,-0.314373,-1.188722
1.949718,1.21768,1.769938,0.336727,-1.289298,0.261974,-0.64692,0.388012
-0.016073,1.264745,0.605229,0.183169,0.946294,0.321148,1.041306,0.30323
-0.099537,-0.346658,-0.009453,0.558355,0.853712,0.300315,1.20151,0.284319
0.093406,0.307936,0.311269,0.986596,-1.276419,-0.850273,0.593992,0.376615
0.642233,-0.376418,-0.949507,0.64254,-0.696083,0.34301,-0.504178,-0.346823
-2.009877,-0.297377,-0.419235,-1.03836,0.367411,0.576716,-0.540605,-0.685942
-1.716611,0.001906,-0.533914,-0.091414,-0.358045,-0.120605,1.080172,-0.069184
-0.444635,-0.43428,0.042256,0.986669,0.247066,-0.148068,-0.286549,0.684956
0.765178,-0.713646,-0.513052,-0.017897,0.282819,-0.67442,0.239672,-0.780705
0.031715,0.284542,0.419431,-0.264464,1.000591,0.631756,-0.29185,0.360907
0.709155,0.209596,-0.434111,-0.786862,-0.450322,-0.604333,0.970447,1.361693
0.103002,0.814106,-0.285233,0.783952,-0.184161,0.177523,-0.102346,0.418812
0.114029,0.542043,0.555209,-1.006751,0.93128,1.059943,0.64974,0.134379
2.363718,0.381981,-0.477961,1.34941,0.202238,0.532312,0.335464,-0.116264
0.458539,0.00695,-1.042942,-1.131698,-0.344931,0.842268,0.716786,-1.278047
0.276821,0.71579,0.627352,0.932078,1.245007,-0.046812,1.056818,-0.693577
-0.221434,-0.440574,-0.938152,-0.707377,0.148358,0.542239,0.099381,0.79896
0.95733,-0.405083,-0.849515,0.237065,0.592999,1.592925,-0.288205,-0.929765
-0.381333,1.258709,-0.3428,0.795319,-0.107304,-0.294865,0.605162,1.219649
0.40549,0.630699,-0.501635,0.65298,-0.563778,-0.204783,1.33433,-0.045533
-0.495049,-0.939849,-0.266303,-1.217133,-0.321267,-0.43703,1.297081,0.56483
-1.863163,-0.806153,0.077678,0.420047,-0.385694,-0.854301,0.852287,0.073272
-1.658743,-0.082126,1.067965,0.640202,0.83393,-0.135899,-0.976723,0.247464
0.375625,0.097541,-0.576957,0.183294,0.318218,0.320776,0.72218,-2.043359
2.776677,0.652779,0.214237,0.537367,0.448248,0.610907,0.611722,-0.731572
-0.038706,1.38263,0.37528,1.130633,0.179038,-0.812343,0.72867,-0.991965
0.414265,1.219012,-0.222795,-0.728001,-0.501906,-0.422673,-0.906818,0.042214
-0.316524,1.240478,0.497774,-0.218902,-0.039537,-0.380976,0.901466,0.959732
-0.691471,0.786354,1.29001,0.379993,0.431603,-1.057196,-0.34455,0.795103
0.472719,-0.884131,0.078537,0.545115,-0.415481,0.832959,0.421406,-0.806905
0.339216,-0.219422,-0.686315,0.38912,-0.412094,-0.293068,0.578015,1.081435
0.977272,0.776546,0.042415,1.223415,0.482195,1.182497,0.842267,-0.348059
0.180628,0.669583,-0.111244,0.733967,0.218836,-0.607066,1.51153,0.94398
-1.126276,-0.175313,-0.934407,-1.088095,0.500605,-0.9754,0.829235,0.357891
-0.575549,-0.300749,0.349312,0.522892,-0.558454,-0.530705,-1.090605,0.082201
-2.358393,-0.405429,-0.911595,1.225417,0.355933,-0.635791,1.250765,0.641223
1.095497,0.727354,-0.00915,-0.813515,0.97557,-0.23057,0.487673,-0.31534
-0.14822,1.338723,1.283292,0.710638,0.574503,-0.109774,-0.577607,0.035771
-0.210504,-0.404768,0.794554,0.590131,0.705374,-0.02458,-0.264652,-1.109918
0.268771,0.133966,-0.08496,0.484746,0.391058,0.160465,-0.499419,-0.182102
-0.787274,-0.340903,1.344566,0.223219,0.622599,-0.161312,1.387931,1.878984
-0.708379,1.841283,0.521887,-1.465888,-0.19223,-0.843257,-0.061905,1.224488
0.57651,0.310651,0.750034,-0.121218,0.987153,0.580896,-0.371422,-1.88938
-0.621004,0.257266,-0.534591,0.07318,-1.014218,-0.741484,0.775101,1.782516
-0.587752,-0.308135,0.267784,-0.173564,0.439134,-0.204624,0.730997,1.136623
0.05204,-0.866955,-0.697268,-1.310502,-0.442353,-0.33028,0.186425,0.464907
0.555745,0.016544,-1.181829,0.104047,-0.970092,-0.162372,-0.775643,-0.474224
-0.682095,-1.082181,-1.006702,0.045751,-0.755865,1.349332,0.61688,-0.65759
0.71258,-0.436916,-0.564958,0.514525,-0.261216,-0.23142,1.187942,-0.073842
0.109784,-1.139868,-0.573693,0.09136,-0.12846,-0.105861,0.997319,0.584051
1.635333,0.763664,0.339677,0.582116,0.609127,0.090346,0.290538,0.560467
1.373027,0.192826,-0.900467,-1.551285,0.702968,1.017417,0.92836,0.202416
-0.16997,-1.310726,-0.623309,0.281108,-0.358541,0.216408,0.537117,-0.75421
1.928514,1.091481,1.201296,1.401333,0.589826,-0.957848,-0.381608,1.071344
-0.331684,-1.366125,-0.712117,-0.88808,-0.645849,-0.288748,-0.470599,1.118497
0.227486,0.39584,1.008137,0.15118,0.584532,0.303506,0.20412,-0.702933
0.589235,0.802314,0.21351,0.17092,0.174162,-1.025128,-0.675551,0.277945
0.218418,-0.483189,-0.778337,0.007879,-1.061977,-1.000864,0.49299,0.481751
1.078257,0.98455,-0.560415,-0.549873,-0.781646,-0.165585,1.098265,-0.401346
0.035604,-0.147927,1.01321,0.343871,0.66373,0.330529,-1.632315,1.705982
0.278113,0.252898,0.626213,0.576933,0.286847,-0.254106,1.098888,-0.132661
1.776092,-0.12013,1.146504,-0.466699,-0.053511,-0.638582,1.085096,0.311466
0.018722,0.967582,0.142506,-0.451839,-0.763057,-1.593003,0.979768,2.101138
-0.094341,-0.742075,-0.773757,0.032913,-0.157669,-0.428092,0.576903,1.136933
0.477025,1.260226,0.797083,0.483931,-1.109921,-1.002223,-0.585823,0.668193
-0.0076,-1.494061,-1.141121,0.357991,-1.019701,-1.340818,0.385222,1.88354
1.528737,0.981828,0.577931,0.075916,0.41049,1.183856,-1.212461,-1.308716
1.146831,0.874173,-1.048812,-1.234587,-0.422187,-0.13823,1.227277,0.210609
0.012574,0.866048,-0.019604,0.013479,-0.15304,0.329809,-0.376987,-0.081538
1.656091,-0.262788,0.521617,0.588022,-0.708656,0.886207,0.55496,-2.075443
0.193759,0.747701,0.324258,0.3303,-0.758515,-0.941618,0.215946,0.651996
-1.386106,0.13511,0.659617,0.741631,1.055013,0.420028,-0.426488,-0.322386
1.039074,-0.932548,-0.195596,0.593692,-1.331757,-0.469968,-0.718261,0.521266
-0.060522,-1.214227,-0.581662,-0.011721,0.104367,0.227895,-0.501284,-1.360107
0.874973,-0.346069,-0.263284,-0.742608,-0.355374,-0.779889,-0.800309,0.560646
-0.026136,0.846325,1.13176,0.87328,0.656619,0.139302,-0.962086,0.077663
0.151207,0.210589,1.296392,1.371812,-0.593715,-0.62576,0.910993,0.423221
-0.254265,1.39626,0.21425,-0.018323,0.460706,-0.01712,-0.521886,-1.776457
0.88895,-0.082027,1.291892,1.133029,-0.149158,0.397919,-0.999537,-2.075173
-0.069405,-1.2188,-0.324016,-0.779913,-0.859786,0.039588,0.555048,0.281242
1.743397,0.296248,0.079534,-0.353749,1.058947,0.299846,-0.315983,-1.317589
1.97227,0.888553,-0.557763,0.329733,0.431507,0.047593,-0.122825,1.794309
0.389791,0.106058,-0.448732,-0.272344,0.769182,-1.248246,1.001485,1.122197
0.019334,0.213728,-0.044153,0.263604,0.039241,0.275809,-0.491238,-0.044569
-0.309039,0.292193,0.176639,-0.505827,-0.213635,-1.56746,0.651551,0.418812
0.152101,0.032356,0.804309,0.643275,0.684166,-1.101435,-0.687616,2.379056
-1.642682,0.160315,-1.812811,-1.047752,-0.39533,0.095925,0.969156,0.853827
-1.24209,-0.452927,0.714864,-0.755875,0.923303,0.538004,-0.047034,-0.35825
-0.488432,-0.339045,-0.90233,-0.743998,0.157787,1.385958,0.750062,1.421001
1.119498,-0.992373,-0.762226,-0.639281,0.289544,1.243559,-0.42157,-1.43809
-0.45551,-1.084569,-0.593239,-0.806397,-0.672161,-0.547586,-0.056494,1.900786
-0.545965,0.151034,-0.582972,0.361216,-0.228833,-1.389534,0.786053,1.610436
-0.458733,-0.432783,-0.250978,0.258614,-0.033209,0.841102,-1.285077,-1.216877
-0.003927,-0.342094,-0.27503,0.798961,-0.344414,-0.344422,-0.4189,-0.07634
-0.407092,-0.188169,1.056681,-0.186799,-1.587613,-0.877777,-0.488165,0.195495
0.91372,0.809811,-0.100567,0.191481,0.634944,0.701642,-0.539984,-0.862633
0.544748,-0.502502,0.545213,0.6018,0.750355,-0.71781,-0.153609,-0.400475
-1.511048,-1.612847,-1.320536,-0.664858,-0.18894,-0.945134,0.455438,0.562101
1.008916,0.263828,-0.185845,-0.015475,0.911802,0.763895,-0.536094,-0.742878
0.541903,0.041357,-0.875225,-0.712048,-0.066396,-0.507376,0.496347,-0.562026
0.32697,-0.675141,-0.751261,0.501023,0.051623,0.72442,0.297046,-1.629431
-0.405986,0.595383,1.323052,0.866483,0.393737,-0.005409,0.665752,0.332062
0.762733,-0.115374,0.286561,-1.284653,-0.370549,-0.816966,0.412994,0.219356
-0.981957,-0.05488,0.073632,-0.437319,1.07534,-0.52112,0.593775,-0.580292
-1.140667,-1.108873,0.189811,-0.907552,0.650798,0.140935,-0.812245,-0.413957
-1.036908,-0.480476,0.824164,-0.480562,0.416914,0.306708,0.320168,-1.47106
-1.209667,-0.38773,-0.600495,-0.893781,0.237012,-1.032075,0.391053,1.585332
0.252836,-0.151373,-0.589289,0.709366,0.168432,0.157929,-0.835963,0.743273
-0.745537,1.068125,1.6759,0.942562,0.653899,0.592547,0.844233,0.057602
0.255166,0.568086,0.926013,0.071693,0.303524,0.735925,-0.135248,-0.403025
0.781395,0.76968,0.661303,1.416806,0.324175,1.347944,-1.251944,-1.747301
-0.283208,-0.44779,0.431227,0.756387,0.398826,0.506532,-0.606438,-1.392145
0.660507,-1.20622,-1.265616,0.722243,0.902258,0.811099,1.099686,-1.114353
-0.692558,0.494675,0.218456,1.175013,0.34165,-0.128646,-0.019044,1.738541
2.139301,0.665164,0.568044,0.828537,0.131676,-0.665064,-0.287838,-0.075132
1.474215,0.029609,-0.576236,0.498929,0.025739,0.649984,0.187377,-0.123841
-1.338617,1.300005,-0.035953,0.015036,0.076731,-0.35607,-0.312304,-0.27391
-0.421227,-0.128329,0.820266,-1.151794,0.868263,0.531159,-0.454953,-2.376019
-0.600275,-0.38456,0.559906,-0.445586,-0.694351,-0.799364,-0.911913,1.2054
0.403912,-1.177037,-0.563259,-1.433211,0.973485,-0.508033,0.77138,1.457325
-0.78179,0.347291,1.184968,1.103298,-0.595666,0.01129,-1.171556,-0.463658
-1.216731,0.561785,-0.6917,0.571583,-0.84356,-0.429079,1.244092,-0.589893
-1.084003,-1.385259,-0.708462,-0.936675,-0.126656,0.421684,-0.282058,-0.322757
-1.221916,0.340891,0.282396,-1.133127,-0.271194,-0.906873,-0.949971,-0.176986
0.687528,0.120899,-0.426214,-0.904527,-0.135424,1.012891,-0.402159,0.264992
0.995025,0.183001,0.724995,0.260125,-0.897137,-0.185972,-0.006979,-1.435078
-1.045999,-0.34216,-0.100111,-0.448168,0.52282,0.807486,-0.255389,-0.87573
-0.885129,0.157187,-0.300203,0.353538,0.686337,0.803407,-0.48033,-0.236277
1.221968,0.765796,0.690334,0.3812,-0.021834,-0.774717,-0.492675,1.050859
0.850761,-0.443169,-0.295182,0.103554,-1.129195,-0.186827,0.438387,0.56582
0.945488,0.905099,-0.031325,0.442154,0.571117,1.000646,-0.487479,0.428654
0.734161,0.07907,0.156577,-0.550608,0.081749,0.519969,0.694451,-1.554692
0.494516,-0.045423,-0.799802,0.033174,0.025876,-0.510613,-0.993521,-0.472277
-1.131279,-0.664712,0.535476,1.003684,1.18544,0.949052,0.03947,-0.823839
0.698153,1.757932,0.103004,0.314631,-0.158759,-0.257268,0.153685,-0.54009
0.106886,0.042305,0.363602,-0.145255,-0.758032,-0.936411,0.044907,0.190077
1.626003,-0.365591,-0.349277,0.16681,1.122356,0.473425,0.877248,-0.811955
0.960124,-0.247495,-0.142247,0.089705,-0.008478,-0.047838,0.8055,-0.793079
1.023647,-0.084526,0.195697,-1.582012,-0.152586,0.495897,0.505725,-0.810002
-1.039499,-0.060461,-0.407665,0.709713,0.504077,1.031631,-0.593989,0.81869
-0.611508,-0.31407,0.631614,0.518095,-0.615873,-1.075314,-0.519702,1.093837
0.263926,0.159613,0.48192,0.620721,0.217845,-0.082173,-0.637175,-1.100408
-0.189341,-1.089535,-0.260607,0.752223,0.301507,0.862127,-0.387055,-0.177566
1.00686,0.321096,0.666121,-0.825852,1.28654,1.424063,-0.655821,-1.563174
-1.668246,0.018498,0.181943,-0.682638,0.003417,-0.158403,-0.212436,1.902755
0.100666,0.508436,0.644575,0.367715,0.418575,-0.16132,0.92693,-0.303719
-1.072442,-1.09323,-0.509886,0.635927,0.010026,-0.263747,0.252403,0.906148
-2.329922,0.657681,-0.654965,0.458868,-0.797243,-0.614181,0.108189,1.153616
-0.484201,0.45791,-0.314752,0.580422,0.139132,-0.93533,0.544287,0.11105
1.313821,0.317047,0.771109,0.821821,0.044691,0.389134,-0.799792,-1.911376
0.611264,-0.562645,-0.64186,-0.500174,0.849689,-0.363403,-0.486241,1.030219
-0.271992,0.853457,-0.196001,-0.09816,-0.2901,-0.465041,0.43225,0.245848
-0.488551,-0.043524,-0.506076,-0.488208,0.284728,0.253861,-0.634249,0.113802
1.665442,0.588793,-0.160495,-0.943764,-0.746989,-0.839478,-0.399145,-0.466717
0.914987,-0.240206,0.013585,0.255034,-0.620536,0.240919,-0.564014,-0.410426
-1.016775,-0.433821,-0.06889,0.015076,-0.855633,-0.876958,0.88727,0.779555
-0.214253,-0.450082,-0.569829,1.102963,-0.518563,-0.403181,-0.610199,0.077333
-0.223265,0.583186,0.25392,0.182195,-0.94104,-0.374743,-0.291745,0.856755
1.617578,0.105487,-0.248715,-0.263336,0.651025,0.785556,0.617617,0.6977
0.191293,0.135034,-0.097536,1.210044,-0.390802,0.772178,1.395249,-0.397719
0.52664,1.204515,-1.437136,-1.250116,-0.55302,-0.663523,0.435716,-0.676461
0.357837,-0.254901,-0.365677,0.575294,-0.263069,-0.540265,-0.040764,0.634243
0.554062,0.630944,1.015979,0.682204,0.308956,-0.591137,-0.601645,1.659368
-1.412009,-0.238358,-0.429324,-0.726057,-0.804591,-0.528152,0.96714,1.51027
-0.696947,0.347893,0.997656,0.729968,0.14023,0.00625,-0.10754,-0.068301
-1.571901,-0.757911,-0.623643,0.307158,-1.062165,0.186544,0.851335,0.999313
-1.205906,0.841139,-0.664402,0.464529,-0.997437,-0.549154,1.213273,-0.322623
0.880346,1.584922,0.867641,0.404111,0.881634,0.391463,0.310662,1.313807
0.626237,0.353247,0.876944,1.306061,1.071947,1.15863,0.018635,0.721422
-1.150056,0.903907,1.501705,0.941219,1.043942,-0.111682,-0.286314,0.205785
0.692939,0.839424,0.337596,0.829184,0.090096,0.867642,0.617676,-0.924636
0.258478,0.941073,1.19223,1.294147,-0.016373,-0.933234,-0.054877,0.61645
-0.804068,0.600099,-0.119718,-0.391777,1.131486,0.662372,-0.697279,0.553506
1.983197,0.658157,-0.149552,0.210852,0.780694,1.152031,-1.048566,-0.655442
-0.692089,0.048477,-0.343492,-0.363799,-0.636185,-1.416546,-0.3582,-0.220476
0.743965,0.696863,0.094461,1.007994,0.074296,0.649456,-0.295928,-1.913543
0.802756,0.382503,0.154484,-0.984241,0.868881,-0.491885,-0.048812,1.23664
-0.67201,-0.32382,-1.064362,-0.120211,1.120973,0.969878,-0.213137,-1.139617
-0.104517,-0.684002,-0.19226,0.673851,0.56838,-0.105473,-0.095612,-0.224985
0.313179,-0.57829,-0.784187,-0.469125,-1.026391,-0.919474,0.576982,1.048993
-0.790239,-0.475748,1.04968,1.50739,0.671223,0.151994,-0.439859,-0.110889
-0.536514,0.096103,0.584007,0.690415,0.712816,0.124675,0.274868,0.938916
-0.920604,-0.23926,-0.309152,-0.537824,-0.432173,-0.344632,0.296291,0.869683
0.387293,-1.078802,0.760423,-0.658913,-0.917229,-0.401774,0.234578,1.519044
-0.895211,0.24129,0.56485,0.10893,1.239332,0.518407,1.173619,-0.716098
0.258095,0.774491,1.537105,0.266286,-0.208579,0.251309,0.041836,0.010086
2.438885,0.79236,0.636296,0.327247,0.623659,0.764412,0.200211,-0.370404
-0.32009,1.042811,0.506399,-0.318992,0.062198,-0.800663,-0.317979,1.30728
0.725828,0.038605,-0.143551,0.245736,-0.85529,-1.065249,0.511827,1.053317
1.012831,-1.382794,-0.198291,-1.281719,0.218188,-0.639886,-0.824365,-0.81326
0.444601,-0.166378,0.52042,-0.239328,0.835892,0.144891,-0.759726,-1.092688
-0.228646,0.338071,0.505192,-0.281629,0.000294,-0.030074,-0.432935,-0.229313
-0.934653,-0.630565,0.208096,-1.219723,0.438809,-0.449048,0.75138,1.582016
0.834627,0.308683,0.204577,1.014993,-1.54557,-0.387154,-0.181337,-0.276418
2.220545,1.62317,0.13841,-0.580033,-0.27064,0.673716,1.149464,-1.146722
2.088582,0.021874,0.161935,-0.012536,0.946137,0.167126,1.120456,-0.622546
1.032518,0.326209,0.279734,-0.615226,-0.016729,-0.922732,0.653557,2.0508
0.355287,0.24006,-1.040879,-0.640799,0.981972,1.450661,0.146089,0.129104
0.755509,-0.789239,-0.306656,-1.040625,0.856989,0.702356,-0.191291,-0.206333
0.423921,0.590241,-0.015132,-0.106886,-0.651946,-0.540416,0.58607,1.039422
-0.344239,0.301899,-0.995118,0.275088,-0.718939,-0.567693,0.606375,1.113795
0.423204,-0.38993,0.785479,0.819105,0.508092,-0.031923,0.574443,1.337447
-0.62082,0.605324,-0.94412,-0.897135,0.197856,0.157228,0.877165,1.51721
-0.691062,-1.002012,-0.278626,-0.684385,-0.021101,-0.55848,-0.562402,1.185375
-0.948496,0.547705,0.410956,0.763667,-1.372655,0.049015,-0.272239,-0.824049
0.717947,1.019679,0.911674,-0.513854,0.403733,1.385377,-0.696024,-2.902855
-0.395061,-0.899569,0.737931,-0.088496,-0.385621,-0.261617,-1.182729,-0.673639
1.056053,-0.242059,0.659784,-0.997059,0.261089,0.915242,-0.844253,-0.148516
-0.035314,0.545404,-0.94911,-0.234213,0.65645,0.599212,0.832867,-0.485633
1.125338,-0.753205,-0.068362,-0.147875,-0.901427,-1.164388,-0.941949,-0.572381
-0.090615,0.288734,0.00428,0.090035,-0.321698,-0.04149,0.395132,1.964537
-2.455116,-1.000755,-0.789605,0.202792,-0.152857,0.22047,0.545709,0.880239
-0.867783,-0.374402,0.336305,1.24775,0.112333,0.542548,1.287542,-1.398721
1.068206,0.397797,0.933077,-0.03268,-0.717873,0.310068,0.238062,0.024912
0.263932,0.245589,0.49278,0.612741,0.637443,0.459632,-0.441783,0.509099
0.600242,0.78082,-0.413543,-0.964483,-0.659842,-0.593781,0.840769,-0.073299
1.40421,0.84015,0.456993,1.040412,-0.229886,-0.352339,-0.28997,-1.090852
-0.494175,-0.463765,-0.14644,0.576508,0.038067,0.271617,0.068465,-0.296016
1.498241,0.34063,-0.355227,-0.638103,-0.887887,-0.821428,0.71848,1.732105
-0.123156,1.393855,0.996971,-0.473764,0.159655,0.712661,1.030492,-1.821488
-1.358329,-0.088226,-0.389875,-0.169101,-0.546193,0.659595,-0.658882,-1.204611
0.629234,0.577147,-0.754808,-0.220525,0.280983,-0.786362,1.014021,0.764952
-0.059495,0.81854,1.187231,0.43432,-0.696796,0.138099,-0.420374,-0.376551
1.898158,0.98365,0.035921,1.070068,-0.537461,-0.120955,0.210658,0.249383
0.68769,0.960566,0.608648,0.326941,-0.043485,-0.704884,0.492284,0.857807
-0.066619,-1.411359,0.097181,-0.681779,-0.422759,-0.74531,-1.379673,0.761453
0.010076,0.546865,-0.769437,0.242211,0.726697,-0.341803,0.707384,1.828132
-1.067684,0.210111,-0.61805,0.680632,1.109241,0.613663,-0.374708,0.172055
1.043083,0.952575,0.139304,0.456686,0.726242,-0.576341,-0.283192,-0.785794
0.504394,-1.054229,-0.531739,-0.16969,0.125805,0.164368,0.710906,-0.098234
-0.263939,0.177046,0.504587,1.209163,0.677029,0.517041,-0.442366,0.254227
-2.099407,-0.134674,-0.492804,0.278524,-1.034673,-0.476746,-0.189591,0.753162
0.396522,0.08219,0.327064,0.188044,-0.533541,0.180443,0.588441,0.757038
-0.468618,0.021082,-0.727435,-0.742353,0.886234,0.670642,0.6395,0.545361
0.265083,0.194991,-0.975651,-0.096687,0.158973,0.05627,-0.068305,0.296561
0.581541,-0.195186,0.751853,1.41221,0.33561,0.612273,0.420526,-0.121111
0.567525,-0.081106,0.127173,0.654867,0.343339,0.334669,-0.138226,-0.502184
1.370239,0.220299,1.038211,0.026247,-0.236327,-0.473707,-0.523181,-1.329082
1.709561,0.994021,-1.166528,-0.833623,0.07532,0.059827,-0.539195,-0.734925
-0.642307,-0.288458,0.555221,-0.676684,1.048585,0.273389,-0.938601,0.012616
2.028907,-0.12726,-0.966819,-0.373212,0.616187,-0.57885,1.295241,0.01628
0.050444,0.76931,0.020224,0.702623,0.298463,-0.128665,-1.218974,-0.41141
1.122924,-1.084528,-0.61421,-0.434631,-1.265214,-0.623928,-0.296588,-0.606325
0.738321,-0.471436,-0.127275,-0.351041,-0.66779,-0.613637,0.81692,-0.34536
1.553804,-0.200586,-0.998968,-0.734464,-0.494844,0.127372,0.857893,-0.34094
-0.438407,0.59126,-0.982877,1.298377,-0.434997,-1.200825,0.886886,1.66662
-0.31421,-0.586979,-0.050484,0.92152,-0.381841,-0.627623,0.276257,0.401973
0.135334,0.537043,0.726119,0.998861,1.226881,0.503355,-0.97795,-0.419054
0.494076,1.221341,-0.193425,-0.593087,-1.320913,0.10449,-0.596744,-0.642962
-2.197163,0.459688,0.25448,0.498207,0.432503,-0.179332,0.276563,0.976185
0.816053,0.911351,1.079926,0.397415,-0.488647,-0.1387,-0.436338,-0.556806
-0.317756,0.41227,-0.658677,-1.014601,0.66708,-0.1287,-0.252156,-1.08322
-0.863255,0.224767,0.370588,0.697146,1.401836,0.841355,-0.670683,-1.576072
-0.030207,0.496184,-1.091348,-1.574148,0.234661,-0.812012,0.548399,-0.456623
-0.57467,-0.797312,-0.047202,-0.076027,-0.140772,0.654092,-0.669517,-0.540256
0.995121,0.277812,0.670441,0.434577,0.75447,0.676733,-0.462587,-0.175305
1.044844,0.689029,0.689103,0.497712,0.353131,0.819677,-0.853669,-0.35646
1.027315,-0.910994,0.062313,1.302546,1.426466,0.86841,-0.427029,-1.398029
-0.304071,1.233598,0.593125,0.460583,-0.410709,-0.162576,1.023482,-1.096714
0.873882,-0.248845,-0.02879,0.137315,-0.132091,-0.061553,-0.040424,-1.042385
0.379312,0.167248,-0.094082,-0.840561,-0.593384,0.188343,0.737797,-0.539541
-0.083475,0.277271,-0.457936,-0.452838,-0.621073,-0.937786,1.16615,2.229617
1.152125,0.314869,0.265106,-1.017279,1.075205,0.268935,0.305594,1.18579
-0.524743,0.604381,-0.134382,1.075038,0.367415,0.851526,0.212455,-0.804578
0.108038,-0.907084,-0.597892,0.120062,0.779723,1.120495,-0.264421,-0.095426
-0.233227,0.886792,-0.227595,-1.081783,-0.465238,-0.69374,0.540164,2.062696
-0.517539,-0.128679,-0.229252,-0.934224,0.430225,0.527856,-0.927521,-0.768758
0.546934,-0.344468,-0.153817,0.60415,-1.100181,-0.350024,-0.547633,0.745812
-0.688432,0.649387,0.368807,0.048335,-0.181578,-0.044044,0.06189,-0.877857
-1.872159,0.930557,0.956248,1.066448,0.228279,-1.05591,-0.180687,0.839745
0.780672,0.472561,-0.426791,1.133376,0.664067,0.683569,0.334994,0.54747
-0.385865,-0.839196,0.271068,0.274409,0.461553,-0.027351,-0.610672,0.68127
-0.318031,-0.67142,-0.793131,0.696627,-0.977907,0.558839,0.050595,-0.295511
0.29815,0.690491,0.025164,-0.647917,-0.344235,-0.625424,0.330738,1.291769
0.377382,-0.540935,0.47825,-0.511182,-0.347646,1.131078,0.397292,-2.403182
1.555655,-0.509026,-1.290344,-0.149691,-0.479948,0.994761,-0.541929,-0.976176
0.055808,-0.315948,-0.430529,0.623122,0.08627,0.66619,-0.868178,-1.204075
1.968798,0.100939,-0.196932,-0.319657,-0.603529,-0.246883,0.87846,2.212987
-0.574949,-0.036519,0.765898,-0.070276,0.497253,0.847155,0.625403,-0.212389
-2.042144,0.662033,0.681572,0.132896,-0.002562,0.915112,0.050333,-1.773987
-0.55854,0.662558,-0.097026,0.555632,-0.830472,-1.29349,-0.558464,1.181206
-1.68341,-1.14682,1.45272,-0.575626,0.696717,0.263527,-0.254781,-0.685881
0.68082,-0.657815,0.151386,-0.238735,-0.146369,-0.381897,0.978813,-0.224221
0.466516,-0.634021,1.103414,-0.297067,0.016111,-0.180869,-0.016586,1.020705
0.076777,0.931697,-0.490307,0.134169,0.242984,-0.01927,0.2478,0.056415
-1.166629,0.027457,-1.18221,0.259845,-1.106376,0.080981,-0.288401,0.536916
-1.378741,-0.92509,0.141057,-0.352688,-1.231604,-1.224964,-1.209945,-0.980364
1.671659,0.815236,0.67407,0.424066,0.325591,1.126315,-0.678927,0.117853
0.412864,0.065906,-0.955792,0.307931,-0.286462,0.559261,1.405249,-0.783985
1.142125,-0.390394,-0.718121,-0.59129,-0.66351,-1.142828,-0.517952,0.516175
-1.073733,0.551778,0.149186,0.140295,-0.10937,-0.875097,-0.825514,-1.022763
0.305601,-0.493697,0.281919,0.816234,-0.997623,0.110616,0.750985,1.42397
-0.415161,0.71927,0.595966,-0.487111,1.022355,1.252714,-0.469423,-1.009093
0.842952,0.694914,-0.164371,0.031828,-0.480653,-0.000402,-0.355995,-0.341722
-0.290034,-1.238878,-0.032294,0.154961,-0.342395,0.627066,-0.551769,-0.412036
-0.800497,-0.706569,-0.427258,-0.662595,-0.03697,-0.791119,0.035668,0.974567
-1.542231,0.270156,1.111688,-0.041018,0.659941,0.238876,-0.78121,-0.651741
-0.033372,1.086937,-0.346596,0.73658,-0.662708,-0.344817,0.599039,-0.302028
-0.916632,-0.504347,-0.870746,0.653722,0.390187,0.184886,-0.45864,0.692755
0.225429,-0.8063,0.443582,0.884147,0.545175,0.057642,0.041163,-0.613751
0.79759,-0.608796,-1.363158,-0.510672,0.679684,-0.27278,0.870095,0.175046
1.835439,-0.617068,-0.396908,-0.683254,-1.043195,-0.669911,0.633129,0.388886
0.641322,0.536233,0.856074,0.704575,-0.199811,-0.734927,0.069754,1.800852
-0.59933,-0.423346,-0.348753,-0.431404,-0.618448,-0.783438,-0.44036,0.933693
0.249253,-0.535708,-0.788682,0.75998,-0.799137,-0.119924,0.098232,-0.632894
-1.492819,0.201649,-0.072249,0.344268,0.68218,0.645637,-0.214858,0.069236
-0.078747,-0.687872,-0.37254,1.652696,-0.62999,-1.569416,0.398317,2.313355
1.56033,-0.101739,0.257005,-1.501911,-0.584614,-1.073325,0.815455,0.166257
0.629864,-1.082355,-1.301033,-0.278659,-0.668222,-0.715762,-0.110302,-0.044874
-1.550028,-0.876989,0.184888,-0.612944,0.05223,-0.524917,0.375489,0.73688
0.191644,0.524927,-0.294763,0.595889,-1.003699,0.801771,-1.088922,-1.05809
-0.608225,-0.110001,-0.587858,-0.401512,0.021543,0.102932,0.777807,1.01043
-0.968521,-1.050983,-1.088779,-0.947486,-0.060365,-0.349566,0.475977,-0.349462
0.115283,0.65927,-0.105802,0.984871,-0.871805,-1.152412,-0.688176,0.065935
-0.496879,-0.400137,0.664423,-1.012555,0.228148,-0.784467,0.410558,1.060891
0.217066,-0.711371,-0.357358,0.481558,-0.701731,0.045845,1.490364,-0.697683
0.486591,0.518256,-0.271368,0.171212,-0.064358,1.082797,0.712323,-1.672736
0.873897,1.395006,-0.052619,-0.830703,-0.544679,-0.718754,0.954723,1.425557
-0.397143,0.350429,0.511717,0.269785,0.609821,0.543315,-0.617606,-0.746917
-0.674905,-1.081676,-0.509128,-0.171675,0.3921,0.35231,-1.077019,0.054661
0.162846,0.447813,0.867826,1.121961,-1.113948,-1.130398,0.433408,-0.022263
-0.887161,-0.183223,-0.746053,0.09276,0.342321,0.064311,0.137089,0.100458
0.913762,0.480903,1.203573,1.088665,0.330354,-0.267158,0.088237,-0.105376
1.69822,0.275339,-0.432127,-0.393412,0.760028,1.049684,-0.640857,-0.113765
1.052966,0.07139,-0.739156,-0.42265,0.956178,0.041643,0.871079,-0.112175
0.469225,0.368088,-0.69785,0.248059,0.076299,-0.686498,0.759758,0.130835
-0.387341,1.327834,0.109703,0.418221,0.41753,0.411377,-0.363391,0.131714
-1.078258,-0.825067,-0.249161,-0.513133,-0.931377,-0.495588,0.265411,-0.366751
-0.580726,-0.031636,-0.192422,-0.817365,0.867802,1.103052,-0.423694,-0.752444
-0.528173,-0.309692,0.212881,-1.108811,-1.281583,-0.852329,-1.108797,-0.545653
0.774298,-0.370852,0.513298,0.991449,-1.391274,-0.761334,-0.395767,-1.2589
0.508486,-0.143841,-0.164879,-0.447669,0.137141,0.778294,-1.379316,-0.38524
1.424635,-0.619516,0.007922,0.688506,1.045356,1.21282,0.78852,1.15994
-0.781257,-1.042437,-0.149882,-0.643819,0.75608,0.020985,-0.158244,-0.714508
2.249524,1.784932,-0.183868,0.233909,-0.027539,0.974981,0.079186,-0.135079
0.261836,-0.587091,0.534426,-0.537533,0.518517,-0.254972,0.24216,0.322102
-0.406779,0.116387,1.272149,-0.688721,-0.415674,-0.143345,-0.572512,1.445392
-0.604727,-0.697686,-0.796665,-0.154204,-0.326084,0.331525,0.836509,0.938523
-0.958649,0.198055,-0.706385,-1.424118,-1.308594,-0.413841,-0.298901,0.26569
0.502384,-0.260131,-0.332981,0.315,0.692014,-0.791315,0.777664,1.540185
-1.014636,0.616679,-1.13361,-1.285422,-1.054673,-0.566748,0.51813,1.026731
1.124789,-0.430799,-0.633833,-0.811126,-0.93363,-0.496228,-0.164369,0.460995
-0.091775,-0.378929,6.4e-05,-0.562097,0.228287,-0.283678,0.728439,0.528977
-1.276244,-0.338748,0.045112,-0.423847,1.762659,0.848422,-0.410982,-1.438612
0.214978,0.737251,0.925331,-0.062307,1.217283,0.685052,-0.709,-1.839076
0.742217,-0.778367,1.115536,0.413169,0.978109,0.193871,-1.397167,-1.399555
0.00791,-0.386938,-0.735402,0.668181,-0.733886,-0.630255,0.887976,1.55527
-0.332071,-0.201359,-1.034146,0.48198,-0.035168,0.258023,-0.537619,-0.211104
-0.887728,-0.883469,-1.108492,0.019885,-1.108005,-1.112477,0.094095,0.120036
-0.43549,-0.818786,0.24394,-0.378162,-1.193776,-1.022738,1.154811,2.094471
-0.232793,-0.128403,-0.473508,0.200565,0.535627,0.965701,-0.188869,-0.185922
-0.450127,0.465041,0.735589,-0.998159,-0.67478,-0.985756,-0.208813,-0.506858
1.7644,0.426031,-0.509015,-0.532294,-0.542771,-1.361179,0.017192,1.820853
-0.681085,0.280045,-0.625748,1.756082,0.029065,0.339605,-0.726581,-0.232892
0.932934,-0.213806,0.019948,-1.142668,-0.444518,0.172902,0.675724,0.158106
-1.409651,0.190581,-0.16917,1.265665,-0.839937,-0.024894,-1.227957,-0.466934
0.727478,0.335721,0.426143,-0.962496,-0.186675,-0.830113,0.263979,1.855194
-1.218283,0.553144,1.290363,0.228608,-0.649412,-0.595707,-0.91579,-1.015828
-1.042895,0.993454,0.412774,-0.250757,0.411187,0.198991,-0.687172,-0.233684
0.645596,-0.606483,0.116572,-1.228208,0.851342,0.837161,-0.531844,0.659524
0.274265,0.532523,-0.172424,-0.313701,-0.876259,-0.44806,-0.494199,0.276552
-0.402123,0.559861,-0.194507,-0.725018,0.78226,-0.191129,0.829619,-0.355204
-1.839847,0.664156,1.119075,-0.540793,-0.014194,-0.947161,1.043025,1.012838
0.733172,0.320926,-0.309918,-1.104472,-0.460197,-0.538891,-0.329602,-0.171329
0.247506,0.134585,0.995847,0.202867,1.13227,1.303846,-0.923736,-0.187656
0.461964,0.574079,-1.026849,-0.653119,-0.567224,-0.575587,-0.685357,-0.580004
0.285125,0.994494,1.374776,0.499333,0.656,1.778338,-1.455873,-2.209616
-0.704961,0.56508,1.084144,0.95413,-0.706618,-1.274064,-0.430622,1.400822
-0.981638,-0.257197,-1.180999,-0.214699,-1.37856,-0.27107,1.244735,1.184714
1.016753,0.727829,0.175999,-0.353704,0.906846,-0.350688,0.261077,0.41984
0.131649,1.079788,0.574105,0.556805,-1.016893,-0.692511,-1.257109,1.893122
0.768233,0.236579,0.349236,0.158046,1.259778,-0.083742,0.636642,-0.232208
0.439569,-0.781862,-0.182082,-0.532009,-1.036341,-0.160898,0.75108,0.576783
-0.018454,-0.161566,-0.161114,-0.631181,-0.207733,-0.373278,-0.318805,0.43431
0.271787,0.583097,0.181965,-0.56883,1.228982,-0.266697,-0.423864,-0.628893
0.8748,-0.071117,0.674689,-1.143162,-0.606581,-1.304847,0.544827,0.669464
-0.671867,-0.080367,-1.337169,-1.040811,-0.150984,0.435176,0.259399,-2.047644
-0.046623,-0.027971,-1.286082,-1.04165,-0.221458,-0.934954,-0.331671,1.382866
0.746683,-0.656136,0.022555,-0.60702,0.692787,-0.217468,-0.173421,0.224319
-0.493447,-0.118763,-0.327297,-0.536301,-1.645989,-0.183537,-0.810217,0.423006
0.405518,-0.212925,1.05966,-0.243916,0.735708,-0.039679,-0.381032,-0.415583
-0.660087,-1.434497,-0.721074,0.228652,-0.732274,-0.300184,1.266948,1.061539
-1.839665,-0.393505,-1.132418,-0.594764,-1.331235,-1.066909,0.553876,1.521182
-0.447092,-0.573871,0.722873,1.088869,1.055911,0.891629,-0.370089,-1.111231
0.942283,-0.096464,-0.502318,-0.220227,0.268173,0.644649,-0.669576,-0.444877
-0.287099,-0.735141,0.465403,0.051441,0.13296,-0.628352,-0.204255,0.832025
-0.950065,-0.712713,-0.790454,-0.702153,-1.076577,-0.600669,0.510885,0.118918
-2.020132,0.764636,0.402728,0.9522,1.151722,0.35431,0.797522,0.077597
0.191194,-0.559004,-0.130662,0.607183,0.538899,-0.085302,-0.359902,-0.677162
0.007386,1.074234,-0.39083,0.077705,-0.346828,-0.286826,-0.360611,-1.144531
-0.440554,-0.38722,-0.564392,0.507328,-0.747923,-0.77013,-0.249988,-0.145559
1.757519,0.63325,0.721559,-0.343979,-0.18429,1.171412,0.839606,1.342452
-0.181159,0.52227,0.553635,0.821452,-0.698734,-1.200596,0.797421,1.230066
0.422808,-0.936431,-0.46318,-0.586929,0.043427,-0.368468,1.276436,1.379194
-1.019646,1.246952,0.282034,0.131355,0.262397,1.250578,0.474398,-0.167455
0.365074,-0.456413,-0.379846,-0.396077,-0.898408,-0.472585,-0.587783,0.031797
0.921334,0.316476,-0.343989,0.457396,0.273806,-1.125739,-0.699041,-1.451078
-1.188283,-0.684782,0.596074,-0.748073,0.953407,0.626864,0.256053,-1.494468
-0.201219,0.255903,-0.782645,0.555829,0.591804,1.22426,-0.268297,-1.472001
-1.702007,-0.720877,-0.28392,-0.691825,1.108277,0.949736,0.401745,-0.607749
-0.786115,-0.110227,-0.002242,0.379934,0.626192,0.439013,0.72104,-0.325688
-0.118071,0.01823,-0.769421,-0.063318,1.32411,-0.874344,0.96702,0.785772
0.54365,0.562466,0.57912,0.453461,0.043655,-0.008389,0.022189,1.074117
-0.32513,-0.809584,-0.8322,-0.666979,-0.300392,0.608131,0.150497,-0.72228
1.288555,0.867086,0.934493,-0.275567,-0.124349,-0.843056,0.365717,1.235589
1.215517,1.303744,0.938914,-0.653849,-0.821002,-0.889045,0.326122,1.671824
-0.237392,-0.232525,-0.465798,-0.487075,0.439484,-0.538746,0.246847,1.317229
0.175731,0.171377,0.523149,-1.831334,-0.365616,0.947765,0.880751,-2.088062
-0.777876,-0.580283,0.338557,0.651102,0.635102,0.414828,0.696953,-1.944105
0.385769,0.208183,0.680426,1.030848,-0.81302,-0.761746,-0.775702,-1.187396
1.28165,0.424785,1.374157,0.966569,1.587388,0.394855,-0.605686,0.861499
1.940387,1.225782,0.828688,0.410517,0.149261,0.156109,-0.810929,-0.902563
0.1921,-0.861668,-0.021353,0.58063,0.999808,0.691175,0.306114,-1.046166
0.16728,-0.034304,0.476337,-0.409871,0.528388,0.256778,-0.783039,0.503856
1.559779,-0.005163,-0.361016,-1.274008,-0.573777,-0.860046,0.933309,0.146651
0.243962,1.223298,-0.472486,0.142981,-0.721425,-0.059399,-0.852352,0.197765
0.348337,-0.524099,-0.516916,0.81156,0.267293,0.742785,0.183919,-1.626498
-1.085781,0.624887,0.965814,0.914968,0.662901,0.973509,-0.414969,-0.016133
-1.661237,-0.987713,0.183366,0.556113,0.672443,0.385844,0.400064,-0.838862
0.163553,-0.673709,-0.686018,0.209953,-0.518528,-0.789084,0.649947,2.144913
1.914929,-0.30292,0.818538,0.04719,1.188091,0.707863,0.308741,0.146111
0.325801,-0.334034,0.435521,0.893634,0.444074,-0.783326,0.525075,-0.318421
-1.459748,0.381044,0.875852,-0.870336,-0.639121,-1.008222,0.716985,1.308834
-0.270802,-0.793244,0.329897,0.760532,0.655281,0.571137,-0.149328,-0.920515
0.261296,-0.701532,-0.638679,0.759051,-0.293142,0.118101,-0.049197,0.876781
-1.633066,1.218041,-0.906947,-0.991164,-0.371768,0.898691,0.662079,-1.438074
1.578549,0.806635,-0.670935,0.259931,0.72588,0.755124,-0.687935,-0.210056
-0.606995,0.300344,-0.139933,0.590808,-0.693469,-0.908003,0.493993,0.05534
-1.955223,0.239945,-0.646295,-0.477745,0.612806,1.590678,0.364354,-0.347491
-1.297915,-1.140441,-0.877212,-0.765875,1.191509,1.054183,0.806654,-0.881076
0.398249,-0.229478,0.487352,0.699261,0.856666,0.19137,0.330266,-1.334031
-0.457586,0.848963,0.943677,1.088553,0.597274,0.854543,-0.45422,-1.194567
0.400453,-0.48018,-0.882042,-1.019984,-0.216552,-0.012136,0.101854,0.696245
-0.094514,-0.714921,-0.074748,0.907602,0.85032,1.275648,-0.07182,-0.690026
0.995058,0.726739,0.456242,-0.462381,-0.977732,-0.732725,-0.125727,-0.071424
-1.028108,0.667579,-0.840109,1.027233,-0.234212,0.548628,0.65102,0.25517
-0.332077,1.235422,-0.386513,0.349919,-0.552361,-1.042058,0.904127,2.080972
-1.693059,-0.380133,1.197686,0.173098,-0.291567,0.273602,0.384453,-1.132654
0.005705,-0.428455,-0.566109,-0.592595,-0.479136,1.364811,0.55302,-2.011368
-1.535762,1.171873,-0.137583,-0.172841,-0.175557,-0.576437,0.915908,1.532107
-1.424958,-1.156841,-0.787841,-0.427352,-0.050564,-1.449517,-0.575327,-0.916268
0.133499,0.296451,0.014995,0.825108,-1.032367,-0.63109,0.559128,1.145202
-0.147719,-0.369632,-0.624399,0.180976,0.032761,-0.062829,0.168193,-0.115361
-2.130505,-0.566477,0.151455,-0.599788,0.02976,1.07182,0.197777,-1.592232
-0.991214,-1.001202,-0.357477,-0.71767,0.819724,0.764441,-0.421526,0.310039
0.153625,0.205752,0.708061,0.30732,0.293662,-0.489004,0.807365,0.511301
-0.07412,0.774647,0.527225,0.121419,-1.303757,-0.773122,0.549791,2.256539
1.773506,0.223402,0.390558,0.129292,-0.023698,-0.302422,0.553431,1.000835
0.934187,0.367662,0.585644,0.977309,-0.085509,0.793604,-0.179769,-0.119022
-0.677711,-0.068597,-0.557908,0.634182,0.512034,-0.950454,-0.621461,-0.448662
-0.766374,0.074585,0.772109,0.491254,0.321496,1.308873,-0.54774,-1.51285
-0.232411,-0.465812,-0.903291,0.293461,-0.194286,-0.018475,-0.560686,0.71318
0.702975,1.713769,-0.058394,-0.401174,1.444701,0.573346,0.965632,-0.526892
1.169869,-0.172275,-0.668991,-0.331997,-0.049019,0.812743,1.522216,0.227721
-1.087095,-0.366119,0.102963,-0.043009,-0.575409,-0.284738,-0.284652,0.566199
-1.791202,-0.980746,-0.028686,-0.098029,-1.139581,-0.574032,-0.114891,0.659578
0.253007,-0.724097,0.036278,0.857646,-0.393791,1.55472,-0.85132,0.192917
1.458553,0.861902,0.891914,1.216613,0.375124,0.780886,-0.377884,-0.914564
-0.54495,-1.000495,-1.105024,-0.411837,-0.255526,0.543436,0.314113,-0.885933
-1.907311,0.052773,-0.820963,-1.02987,-1.196029,-0.656434,0.236437,1.229752
1.099379,0.201088,0.692647,-0.161976,-0.739738,-0.615927,0.272313,-0.284036
-0.566683,-0.852704,-0.88997,0.15219,0.855353,-0.774554,-0.549748,-0.372714
0.798325,0.321228,-0.355447,-1.24593,-0.15341,-0.51092,-0.204973,0.41235
0.214539,-0.616121,0.890688,0.703102,0.132146,0.255507,-0.288158,0.446537
2.462282,-0.195862,-1.054455,-0.145306,-0.401862,-0.286486,0.423706,0.578048
0.186038,0.90451,-0.071537,-1.319259,-0.36779,0.295562,-0.199238,0.281979
1.965014,0.364272,0.797301,1.135086,1.643569,-0.325771,-0.375037,-0.659605
0.249257,0.353516,0.070948,-0.699844,-0.004263,0.304992,-0.083934,-1.183147
1.087911,-0.323724,-0.0945,-0.576509,0.13699,0.398026,0.289016,0.334546
-0.997965,-1.145203,-0.073756,-0.083899,-0.250811,0.021567,-0.055512,0.299151
0.524215,-0.055514,-0.759621,0.817088,0.764482,0.204575,0.233951,-0.516254
0.438316,1.297221,0.941317,0.35178,1.466357,0.565324,-1.148741,-1.555403
1.252478,0.604247,1.438056,0.016165,-0.670684,-0.58115,0.833217,1.303701
-0.364577,0.336599,0.122942,0.391442,-0.018399,0.888054,0.065463,1.225642
-0.208307,-0.312833,0.762903,0.545427,-0.727473,0.541764,-0.603305,-0.615386
0.927766,1.011015,0.2771,1.365618,-1.017047,-1.230893,-0.397155,1.857012
0.915051,0.280272,0.421939,0.871031,-0.396032,-1.202442,-0.108102,0.660893
0.319736,0.552332,-0.546246,-0.533637,-0.36037,0.0071,-0.167782,0.554244
-0.50236,0.699159,1.067892,0.553693,-0.25069,0.082154,-0.839809,-0.952882
-0.050634,-0.753018,-0.504457,1.12303,0.310959,-0.249821,-1.181676,-0.767738
0.726519,0.6342,0.233929,0.133926,-0.294736,-0.840018,0.186671,-0.93608
-1.779389,-0.564483,0.284884,-0.422789,0.008129,-0.926141,-0.806325,0.118903
-0.404235,0.742449,0.303252,0.599713,-0.215113,0.572263,-0.602736,1.008139
-1.764125,0.045437,-0.276565,0.994401,0.422022,0.124189,0.229518,0.812458
0.19139,-0.371027,-0.026882,-0.154116,0.003688,0.279219,0.434086,2.138862
0.076094,0.330299,0.396654,-0.619823,-0.681356,-0.264306,-0.334312,-0.592793
0.029605,-0.207807,-0.026841,-1.311929,-0.640352,0.120493,-0.455093,0.691939
0.112777,0.240715,-0.357791,-0.437952,-1.080636,0.211855,-0.238521,-0.116346
-1.501668,-1.100614,-0.900603,-1.34095,-0.309933,-0.300616,-1.015276,0.219124
-0.808819,0.183349,-0.167102,0.799849,1.114886,0.603905,-0.980638,-1.10281
0.865521,0.193163,1.054404,0.831078,-0.156119,-0.275615,-1.531506,-0.320355
-0.877069,0.380416,0.741877,-0.245195,0.185591,0.189612,-1.125894,-2.5457
-1.644734,-0.470899,-0.526489,1.198408,-1.079685,-0.197372,-0.197841,0.205256
-0.257106,0.117447,0.488669,0.61988,-0.343897,0.356904,-0.644435,-1.852691
-0.833828,0.673301,-0.712389,0.297304,0.998231,-0.116053,1.181175,1.217655
-0.435926,0.897984,0.018931,-0.250125,-0.484148,-1.068417,-0.381332,1.541827
0.799462,-0.945618,-0.535053,-0.453484,0.253188,-0.366877,-0.032592,-0.263841
0.992735,-0.175918,-1.342294,0.333531,-0.628687,-0.274957,0.301103,0.068195
-0.064885,-1.244275,-0.676442,-0.326328,0.448667,0.511748,-0.54944,-0.098335
0.052709,-0.840704,0.366744,-0.090141,-0.016355,0.812386,0.036478,-1.181499
-0.708685,0.337457,-0.411134,1.137972,0.074108,0.0765,0.211894,-1.245758
1.468594,0.626687,-0.996897,-0.341252,-0.253664,0.337278,1.252543,0.463963
0.625847,-0.530079,-1.362011,-0.216946,-0.116063,0.284574,0.297268,0.026951
-0.50903,0.463328,-0.499223,0.204338,0.577141,1.034529,-0.180961,-1.584544
-1.778051,0.549946,0.857953,0.813247,-0.11509,-0.887582,0.438687,1.969834
1.50455,0.333083,0.826933,-0.132744,-0.242644,-0.900506,0.62209,0.363853
0.149025,-0.796689,-1.054213,-0.133073,0.55853,0.911715,-0.817298,-1.798771
-0.708451,-0.755009,0.021978,-0.804778,0.193095,0.869148,-0.236271,-1.855289
-0.604352,0.892316,0.490106,-0.163069,-0.76747,-0.880877,-0.077502,1.27671
-0.513027,0.429842,0.076916,0.455714,-0.004666,-0.427301,-0.131055,-0.317885
-0.294346,0.309957,-0.8017,-0.000119,-0.383695,0.072965,0.188216,0.249094
0.565793,0.274469,-0.297104,0.389808,-0.611626,-0.440688,0.548919,0.230219
0.247433,-0.714147,-1.057084,-0.291561,-0.891774,-0.181448,0.527641,-0.456614
-1.922676,-0.381333,-0.858645,-0.63847,-0.076492,0.287512,0.830889,1.057132
-1.645249,-0.586108,-0.55456,-0.589821,0.473689,0.213163,-0.398951,-0.781397
-0.474117,0.025001,-0.036939,-0.957326,-0.409869,-1.008061,0.080982,0.602356
-0.22974,0.088595,0.295952,-1.154115,0.252907,0.775177,-0.295346,-0.426342
0.527678,0.019225,0.6407,-0.058136,-0.219289,-0.046689,-0.491799,-0.966217
0.3297,0.445185,-0.009718,-0.658962,-0.02935,1.817263,0.445004,-1.065881
-0.232054,-1.310827,-0.29397,-0.798662,0.841236,0.849969,-0.850961,-0.608333
0.52017,0.422117,1.143853,0.719258,0.651647,-0.60923,0.357743,1.293944
0.181507,0.558171,0.411499,0.300101,0.499805,0.132691,0.807208,-0.009117
0.334943,0.319475,0.379922,0.603854,0.156701,-1.756941,-0.014419,0.374826
-2.222204,-1.02129,-0.267175,0.836094,-0.305177,0.019237,-0.359361,-0.172512
0.628125,1.003506,1.226349,1.336665,0.45866,0.149584,0.393172,-0.120651
1.908448,0.301272,0.388898,0.330866,-0.981467,-1.123937,0.418668,1.108234
-0.207321,-0.534422,0.159284,1.102709,0.822773,0.944631,-0.098846,-1.824497
1.283788,0.913588,0.618596,-1.083511,-0.1233,-0.556224,-0.358972,0.99987
-0.442793,-0.019107,-0.669378,-0.451338,-0.356082,-0.905086,0.794445,1.341052
-0.261795,0.715467,0.83704,1.065471,0.711706,0.767501,-0.111033,-1.224884
-0.759718,-0.529137,-0.970996,-0.337606,-0.390863,-0.032422,0.943955,-0.454901
-0.372468,-0.802906,-0.727255,0.634102,0.773139,1.467821,-0.792257,-0.592403
-1.906109,-0.713758,-0.03542,0.785834,-1.274376,-0.533086,0.466235,-0.536324
1.357038,1.7809,-0.160285,1.200045,-1.07314,-1.155488,1.168739,1.716708
0.188472,-0.210894,0.464971,0.423273,0.250552,0.041486,-0.220233,-0.300093
0.241023,-0.471612,-0.548838,-0.456822,-1.157296,-1.176217,-0.075849,1.157698
0.36014,-0.204978,-0.685096,-1.157397,0.289883,-0.111999,1.220354,0.144579
0.108828,0.437258,1.357367,0.927346,1.266316,0.0037,-0.053003,0.675585
1.218102,-0.488139,-0.420603,0.85312,0.181528,0.697297,-0.311997,-0.048668
0.2713,-0.720378,-1.15124,0.250167,0.648627,0.62726,0.122915,-1.264222
-0.719728,0.259592,0.796501,0.169792,0.306438,-0.746629,-0.297833,1.761495
-1.006385,0.497886,-0.707265,0.480008,-0.723441,-0.310563,-0.249313,0.418245
-0.28511,0.08712,0.142513,-0.474353,-0.231075,0.335449,0.384903,-1.234248
0.331509,0.353501,-0.414758,0.63009,1.188629,-0.006639,0.384471,-0.454755
0.855653,-0.854296,-0.046958,0.358372,0.353373,-0.363817,-0.581172,1.095557
0.077516,-0.374237,-0.236701,0.551788,-0.665885,-0.631554,-0.236995,1.938935
-1.080592,-0.58828,0.177912,0.952234,0.406266,0.806599,0.817945,-0.612286
0.477899,0.674885,-0.768055,-0.659779,-0.039087,0.550192,0.281621,-0.00612
0.187697,-0.337336,0.285848,-0.249137,0.229613,0.813604,0.452867,-0.971612
-0.60718,-0.365483,-0.483389,-0.543898,-0.40123,-0.347594,-0.78159,0.512297
-0.388156,0.260079,-0.416619,-0.22839,0.530309,0.517944,-0.038582,-0.002746
-1.395258,-0.286835,1.06187,0.393581,0.033289,-0.64528,-0.727233,-0.450383
1.415016,0.77743,0.609912,0.604875,-0.292491,-0.949802,-0.68987,0.597623
1.922081,0.649488,0.900606,0.319867,0.733222,0.193458,-0.210691,-0.767719
-1.681793,-0.014442,0.09443,0.534702,-1.371026,-0.878133,0.305455,2.123699
0.07737,0.318467,0.031503,-1.252766,-0.666389,0.04551,0.333762,1.042084
-1.936112,-0.76537,-0.108747,0.154941,-1.018033,-0.123001,-0.14376,0.595961
-0.726555,-0.06847,1.000025,1.062355,0.104015,-0.030025,0.152386,0.684466
-1.671651,1.143055,0.696509,0.323945,-1.254855,-0.214445,-1.014404,-0.295437
1.719848,0.72396,0.731098,0.512899,0.766229,0.896169,-0.990503,-0.181621
-0.977463,0.737881,0.327522,0.504604,0.028367,0.704523,-0.003469,-0.927798
0.488956,0.687221,-0.744047,-0.106703,-0.522022,-0.074838,-0.371047,-0.083345
0.411804,0.598958,1.091921,0.091758,-0.593718,-1.231556,-0.385858,0.961632
0.736867,0.330688,0.372096,0.57642,-0.215713,-0.702897,-0.529099,1.393645
-0.275175,0.51058,-0.830936,-1.310524,-1.04729,-0.683161,0.993656,1.862967
1.039743,0.55679,0.644733,-0.139688,0.470766,0.398925,0.15564,0.220302
0.637242,0.337993,-0.50954,-1.267959,-0.747784,-0.992371,0.256805,0.720231
-0.211368,0.720018,0.5673,0.68625,0.279091,0.844078,1.062555,0.074925
0.941609,1.222948,-1.045084,-0.325347,-0.107386,0.361105,-0.731865,-2.446938
-0.611563,-0.799818,-0.411453,-0.766837,-0.011277,0.670707,0.686711,-1.534088
1.392478,-1.015422,-0.826669,-0.916177,-1.204763,-0.328679,-0.593524,0.441978
-1.681125,-0.691047,0.471675,0.472437,-0.36696,0.963845,0.036364,-0.004183
-2.257493,-0.726436,-0.492834,0.084346,0.815818,-0.269726,0.704498,0.016204
-0.473509,1.048444,0.714489,-1.023987,0.060999,0.375793,-0.870263,0.04441
0.677367,1.574672,1.54045,0.33958,0.740886,0.605556,1.301182,0.184812
-0.711053,0.985484,0.601198,1.142838,0.722157,0.375748,0.568135,0.171377
0.835017,0.395578,-0.658739,-0.061862,-0.655529,-0.887013,0.636084,0.40835
-1.434731,-0.366659,0.763135,1.391065,-1.381058,0.68383,-0.266027,-1.711195
-0.371894,0.346578,-1.418885,-0.023209,-0.399,0.503982,0.903207,-0.028016
0.635937,-0.103516,0.403864,0.374472,0.564267,0.605147,0.575431,-1.467303
0.651768,0.54584,0.622026,0.153937,1.329517,0.305589,-0.807083,0.190766
0.649385,1.192124,0.089092,0.0471,-0.149245,0.337299,-0.122146,0.177463
-0.761602,-1.018863,-0.699578,0.244554,0.242064,-0.436683,0.799971,1.12918
0.26662,0.344159,0.770384,0.939858,-0.248706,-0.615074,-0.323886,-0.09364
1.023125,-1.226821,-0.938593,0.087455,-0.778795,-1.209375,0.300073,1.55174
0.250898,1.43589,0.289,0.385058,0.756357,0.130918,-0.520975,-0.920232
-1.048825,-0.709268,-0.359188,-0.330199,-1.040812,-0.290569,0.306799,0.424363
1.292026,0.104937,-0.122717,-0.690217,-0.663818,-0.913643,-0.185111,1.385064
0.021903,-1.607644,0.023888,-0.967248,-0.720808,0.050851,-0.278664,-0.666317
-0.418971,-0.815315,-0.417426,0.454623,-0.928083,1.048811,-0.648358,0.729881
1.742846,-0.790862,-0.313571,0.852982,-0.08082,-0.251037,0.195272,1.380156
-0.474903,-1.289121,-0.760554,-0.361471,0.387543,0.830462,0.513809,-1.880109
-1.030263,0.097648,-1.610699,-0.029339,-0.386303,1.101428,-0.595309,-0.488265
-1.048616,-0.403026,0.167183,0.271111,-0.577685,-0.546068,-0.35235,-1.442088
-0.966187,-0.801658,-1.3848,-0.630533,-1.082866,-0.765022,1.279105,0.323397
-0.788287,1.464262,0.272698,0.611399,-0.143064,-1.098525,0.682159,-1.312385
0.284669,1.149005,0.182253,1.125808,0.768725,-0.713008,0.059058,0.315784
-0.622351,0.199014,0.344613,-0.509324,0.621592,1.531086,0.089743,-0.903968
1.865447,-0.716335,-1.056051,0.977452,0.753352,-0.764093,0.569932,0.595965
0.359161,1.128391,-0.698632,0.671708,-1.127793,-0.056722,1.179005,0.137366
0.721835,0.604645,-0.984979,-1.358423,-0.294759,0.702171,-0.310147,-0.488072
0.681662,0.38593,-0.622781,-0.952552,1.534006,1.11278,-0.219368,0.354035
-0.796536,0.002454,0.2553,-0.160498,-0.846669,-1.028408,-0.222376,1.577674
0.442951,0.643533,-0.737562,0.267696,-0.629864,-0.485142,0.922172,2.371136
-0.109341,0.707887,0.884158,-0.584896,-0.143241,-0.716039,0.580861,2.06764
0.359499,0.014179,-0.378127,0.29941,0.507482,-0.186351,-0.15173,0.026777
-0.328533,-1.13694,-0.746851,0.457263,0.866473,0.741135,-0.249222,-1.091574
-0.82577,-0.82922,-0.374827,0.03689,0.953812,0.3021,-0.764332,-1.062085
-1.534866,-0.834009,-0.290831,-0.450366,0.094001,1.15388,-1.145398,-1.030016
0.382657,-0.237538,0.010252,0.226296,0.973819,1.166926,0.712023,-0.551132
-1.731303,-1.040165,-0.2606,-0.662448,0.784789,0.637027,0.206815,-0.088666
0.530561,-0.672425,-0.619091,0.603133,-0.088727,0.346566,-0.031143,0.418893
1.321371,0.059427,-0.961467,0.791216,0.574143,1.408201,-0.640637,0.160428
-0.061059,-0.005677,-0.552429,0.430096,-0.795621,-0.895851,0.79581,0.474658
-0.309952,-0.35975,-0.89421,-0.364978,-0.852707,-0.983836,1.702002,0.667137
-0.679351,-0.522897,-0.739503,-0.55349,-0.327874,-0.147015,0.246753,1.210611
0.084092,-0.14215,0.311722,-0.002273,-0.544052,-1.221888,-0.553483,0.828733
0.253907,0.01339,-1.280028,-0.934001,0.385147,-0.012206,0.962551,0.959256
0.432399,1.232343,0.873722,0.881153,0.554472,-0.207541,-0.718002,-0.67205
1.455184,-0.350732,-0.479858,-0.201867,-0.389113,-0.644509,0.199767,1.480655
-1.047318,-0.699625,-0.476251,-0.305753,0.787097,-0.353008,0.253104,-0.068189
0.618065,0.374883,-0.427912,-0.700803,-0.386313,-0.326131,0.379847,1.717382
-0.158822,0.367451,0.609881,0.81952,-0.674694,-0.903942,1.330053,1.091654
0.527107,0.385354,-1.230774,-0.786283,-0.359673,0.372108,1.390684,0.516838
-1.207647,-0.487499,-1.016889,-0.369623,-0.553573,-0.821828,0.962401,0.068642
-0.915217,0.659672,1.154922,1.260263,-0.352836,-0.729076,-0.755812,0.841418
-0.615266,0.786283,-0.770157,0.992067,-0.592788,-0.350602,1.058007,1.290811
-1.850282,0.351006,1.49864,0.619586,1.030187,0.960542,-0.638348,-0.394313
-0.884598,-0.550356,-0.14663,-0.928957,-0.260514,-0.524518,0.896246,1.344536
