Age,Sex,Education,Occupation,Residence,Travel
0.239727,-1.737956,-0.081989,-0.607646,-0.589672,-1.465346
-0.429179,0.034573,0.123185,0.756027,1.338361,0.187347
-0.582874,-0.888147,-0.652547,0.429526,-1.035717,0.061312
-1.540135,0.111762,-0.483286,0.217122,-0.988129,0.299933
0.366865,1.5944,0.93492,-0.486425,1.087879,0.387854
0.12561,-0.309553,0.693602,-1.435145,0.633074,0.070074
1.003601,-0.052367,0.283332,1.492084,-0.392156,0.898617
1.52159,0.334842,0.846168,0.582471,1.060686,0.875526
0.986525,1.778617,1.383514,-1.17465,0.215277,-0.701396
-0.879471,0.671332,-0.372132,1.04891,-0.211935,1.007023
-1.929216,-0.868624,-0.35959,0.942248,-0.565798,0.37521
0.955723,0.320698,0.93626,0.06457,1.06668,-0.155181
0.423701,-0.850986,-0.428264,0.581575,0.000939,-0.094451
1.287564,0.195375,0.477418,1.032966,0.200829,0.08987
-1.313441,0.132355,0.965333,-0.696301,0.026896,1.024914
0.361889,-0.103699,0.581489,0.206793,-0.770283,-0.606131
1.116593,-1.888656,-0.253234,-1.006718,0.525051,0.85816
0.906001,2.020374,1.238075,0.219593,-0.556037,-0.205235
-0.634643,0.91816,1.227835,-0.753054,-0.928796,-0.996689
0.993848,1.040651,0.963782,-0.655414,0.596472,-0.404864
-1.922887,0.474816,0.746521,-0.155496,-0.182112,-0.230321
0.965392,1.149104,1.380808,-1.028554,-0.16875,-0.172496
1.784362,0.16525,-0.101087,-0.060556,-0.803857,0.827357
0.503973,-1.153409,-0.616978,-0.534626,-0.611299,0.058648
-0.214193,-0.057332,1.051433,-0.209839,0.570119,0.141791
-0.01609,0.297395,0.869081,-0.75223,0.410934,0.545596
-0.153269,-0.215984,-0.434881,0.170578,-0.258312,-0.387414
-0.324107,1.189943,-0.495888,-0.343166,-0.66192,-0.12338
-1.336729,0.598783,-0.939234,0.554977,-1.549745,-0.725128
0.114765,-0.446013,0.608167,0.271569,-0.263764,-0.189939
1.181619,-0.228368,0.040827,-0.73683,1.438752,0.296306
-0.380521,1.028999,-0.128735,0.284502,0.604029,0.384953
-1.94618,-2.138953,-0.747447,0.932574,-0.532763,-0.084465
-1.812602,-1.191077,-0.844536,0.479169,-1.012767,-0.728998
-0.263806,0.342295,-0.073745,-0.375772,0.881977,0.09921
0.952539,-0.683141,0.305109,1.141931,1.374829,0.541541
1.367997,1.370278,0.966309,-1.180222,-0.873372,-0.808182
-1.1256,-0.302886,-0.520225,0.590491,-0.40466,-1.114886
-0.409397,0.059547,0.142007,-0.784618,0.1372,0.996726
-1.323239,-0.655287,-0.917406,0.717105,0.157731,0.566025
-0.191106,0.063373,-0.555167,-0.261009,-0.913879,0.289282
-0.062433,0.407907,0.238322,-0.602916,-0.759326,0.075807
-0.269508,-2.014433,-0.899159,-0.540631,0.167773,0.126061
-0.012354,-0.145479,0.414307,0.869923,-0.289475,1.096262
0.238095,0.274614,-0.668406,0.868257,-0.354199,-0.25577
-0.388481,-0.362647,-0.923445,0.116528,-0.335953,-0.461289
-0.502438,0.136793,0.931332,-0.870913,-0.134649,0.537709
0.259496,0.903425,-0.041199,-1.024169,-0.219819,-0.848312
0.564018,0.542779,-0.499892,0.34822,-0.539067,0.617645
-0.025933,0.813113,1.143949,-1.055306,0.083378,0.251498
1.042858,0.651129,0.278898,-0.442247,1.375615,1.767288
0.442401,0.191442,0.343974,0.787963,0.741015,1.512001
0.098005,-0.036209,0.150058,-0.679357,1.035038,-0.160176
-0.968594,-1.167607,-0.993288,0.665413,-1.093132,0.646438
1.181833,1.469566,1.028291,-0.635802,-0.068998,1.00454
-0.307809,1.431923,0.482595,-0.647025,0.984504,-0.52935
-0.681226,0.782323,0.595443,0.00186,-0.278369,0.087623
0.561809,1.125638,-0.198417,0.065992,-0.653511,0.185647
-0.574526,1.681452,0.801579,-0.63018,0.330223,0.682937
0.474414,-0.992358,0.77465,0.69148,0.805444,0.602913
2.331244,1.916928,0.984838,-1.640688,1.11881,0.118749
0.6025,0.100784,0.719508,0.204457,0.393608,-0.180531
-1.00836,0.146785,-0.989668,0.969513,-0.679977,0.879282
0.630059,1.061017,0.885386,0.477416,-0.012235,0.975172
-1.24084,-0.139579,-1.548136,-0.001305,-0.600627,0.343988
1.0293,0.356659,0.90773,0.760246,0.551977,-0.431945
-1.949276,0.674029,-0.604593,0.711582,-0.394031,-0.919685
-1.513056,0.310666,-0.171457,-0.795398,0.115644,1.647691
0.707199,-1.153041,0.438794,-1.043009,1.034856,-0.239084
1.498225,-0.313556,0.573355,0.683341,-0.141784,-0.039982
-0.03412,-0.8005,-0.567271,-0.932078,-0.66306,-0.008248
-2.132078,-0.082237,-0.147104,0.503902,-0.707786,-0.407496
-0.113749,-0.806293,0.094914,-1.06915,-0.045312,-0.085666
1.049852,1.096145,1.020134,0.174923,-0.981268,0.441011
0.482545,0.487133,1.001631,-1.425551,0.049464,0.511444
-0.423851,0.887303,-0.36767,0.167436,0.321961,0.088171
-1.74584,-0.171935,-0.731561,0.431508,-0.450523,-0.582875
0.193861,-1.260161,-1.060762,-0.222197,-0.175161,0.610879
1.380516,-2.235173,-1.050255,0.515493,-0.519201,0.261578
1.24191,-0.385291,0.904002,-0.463203,-0.319183,-0.662755
1.125593,-1.226303,-0.621069,0.213117,0.473773,-0.255969
0.692549,1.020321,0.329476,0.446485,0.048456,0.254217
0.290961,-0.350776,0.59709,-0.700936,0.04421,-0.597543
1.036516,-0.706083,-1.001506,1.263365,0.274947,0.903135
0.922397,-1.901121,-0.499728,0.242504,0.608859,0.58956
-0.435718,2.629152,1.225139,-0.690529,0.710607,0.460712
1.892031,-0.094761,0.54373,0.018719,-0.364737,-0.812274
2.005556,-1.267206,0.733865,-0.468654,-0.030656,0.004278
0.610571,-2.163023,-0.310439,0.111674,0.810902,0.898142
0.298239,-0.976099,-1.106423,0.182627,-0.078335,0.486782
0.428338,0.115528,0.114049,0.672619,-0.377619,-1.125296
-0.67674,-0.751205,-0.813472,-1.002229,1.086458,-0.766268
-0.728365,0.244735,-1.265769,-1.25573,-0.234468,0.375158
-0.654056,1.126865,-0.368317,0.079022,0.137113,0.50619
-0.417448,0.261996,0.795474,0.525162,0.811679,0.698804
0.278205,1.600083,0.475881,-0.540003,-0.372489,-1.172105
0.479181,-0.845841,0.068246,-0.562586,-0.352967,-0.981423
0.278883,-0.201612,-0.979903,0.534771,-0.569542,-0.06004
0.590966,-0.20836,0.09726,0.918602,0.13971,0.005812
-0.147297,-0.628138,0.139101,0.469466,0.240771,0.505881
-2.259889,1.108363,-0.754796,-0.208776,0.900196,0.744898
-0.354462,-0.111306,0.607862,0.05734,-0.72595,-0.41329
-0.100121,0.300219,0.325016,0.216042,-0.203219,0.016839
-0.888248,1.28542,0.514488,-0.518288,0.312013,-0.397087
-0.48397,-2.268173,-1.08361,0.909332,-1.260472,-0.797222
0.13531,0.438155,-0.261695,0.755636,0.696242,0.512115
-0.214361,-1.680496,-0.929349,0.475226,0.7733,1.166502
-1.904596,-1.808508,-1.14324,-0.341525,-1.088272,-0.320924
-1.008718,0.874645,-0.83246,-0.686935,1.008884,1.34214
0.180336,0.686535,-1.065673,1.696205,-0.402878,0.220328
0.379972,1.926631,0.501646,-0.593583,0.574348,0.351156
-0.124586,-0.519481,-0.843346,0.122342,0.679607,1.110247
-0.221812,2.018443,0.365051,-0.677312,-0.604994,-1.1609
0.120131,2.071768,0.769921,-0.653296,0.81263,1.040686
-0.806597,-0.325301,-0.03769,-0.085674,-0.205812,0.713218
-0.130755,-0.263489,0.34953,-0.725588,0.237462,0.656617
-0.092015,0.832489,1.554767,-1.244891,1.307151,-0.631779
1.4823,0.282655,-0.859115,1.606833,0.564954,0.351004
-0.501432,0.73082,1.026874,-0.091305,0.285472,-0.714336
-1.25327,-0.462292,-0.813153,-0.40786,0.718676,0.832956
-0.693215,1.102344,-0.720118,0.282966,-0.662001,0.243664
-0.39351,-0.926955,-0.855185,1.103359,-0.090376,0.748212
2.113093,1.441057,0.958245,-0.498722,0.65924,-0.044519
1.237698,-1.055062,-0.433735,-0.63314,0.948949,0.501881
0.807855,1.873222,1.214396,-1.126757,0.485274,-0.583489
-0.78995,0.071303,0.053839,-1.102546,-0.997803,-0.578291
-0.237454,-0.183602,-0.106694,0.151121,-0.035113,0.601595
-1.794969,-0.176886,-0.065649,0.044466,-1.032929,-0.331422
-0.737523,1.319777,1.192837,-0.89126,0.892541,-1.125897
1.957663,-0.563415,0.288267,0.546201,0.928779,0.990676
-1.512559,-0.772756,-1.049049,0.180374,-0.330069,-0.51419
0.488321,0.237147,-0.102611,0.492968,-1.091947,-0.506999
-2.725002,0.699461,-0.562639,-0.008179,1.143752,-0.623822
-0.450646,0.628254,0.244485,-1.236786,-0.442537,-0.464945
-0.615501,-1.386513,-0.517896,0.491944,-0.150877,-0.159956
1.349139,1.929965,0.329635,0.832602,0.373855,-0.570402
0.629012,0.910248,1.305855,-0.647606,1.211586,0.8086
0.771032,-1.649168,-0.794669,-0.136183,-0.163328,-0.525289
1.173888,-1.281449,-0.931616,-1.085971,-0.09114,-0.60937
0.404839,0.888566,0.266605,0.32664,0.599832,0.703918
0.118577,1.197404,0.769399,-0.22481,0.655082,0.467977
-1.626371,-1.814173,-0.685284,-1.029393,-0.581748,-0.994372
-1.193696,-0.296296,-1.110264,0.192246,-0.903592,-0.778688
-1.15805,-0.118325,0.172478,-1.379019,0.389615,-0.485112
-1.528475,0.003083,-0.301808,0.126701,-0.211569,0.229378
1.680922,0.27562,0.821605,-0.26421,-0.166409,-0.397961
-0.701987,-0.729172,0.158571,0.459025,1.345481,1.062378
0.74607,-0.005552,0.681635,-1.130456,1.405879,1.209191
0.022545,-1.926588,-0.690924,0.208941,0.535626,0.287974
-0.190003,1.218782,0.417855,-0.744034,0.358128,-0.611373
-0.501532,-0.168012,-0.400323,-1.118416,0.668419,-0.519539
-1.116924,0.044734,-1.019759,0.898596,-1.044924,-0.125759
-0.808543,0.434052,-0.283561,0.254603,-0.553683,-0.63707
0.790985,1.209763,0.740499,-1.028325,0.05713,-0.572354
0.787003,1.545057,1.010256,-0.328745,0.634013,-0.442218
-0.247832,-0.863928,-0.749096,0.762409,-0.413032,-0.974704
0.450076,-0.272819,0.787348,-1.241645,-0.200458,-0.345846
1.897036,-0.538923,0.017634,-0.910128,0.273374,-0.627366
0.695116,-0.502448,-1.753063,1.078147,-0.63984,-0.027725
-0.272149,-0.206337,0.229778,0.669587,0.886628,0.858012
-1.937386,1.217967,1.378205,-1.093455,-0.117977,-0.324013
1.914714,1.141799,0.799379,-0.345062,0.177601,0.24286
-0.287965,1.006501,0.995874,0.45778,1.08081,0.631932
0.122821,1.686804,0.07498,1.2343,-0.197955,1.210585
-1.213033,-1.860158,-1.134434,0.025236,-0.168005,-0.340421
-0.47889,0.228937,-1.042637,0.125166,-0.512597,-0.393479
-0.781253,-1.299517,0.16733,-0.851381,-0.400905,0.045358
-0.54076,0.749467,1.228259,-0.486801,-0.929023,-1.407172
-0.471503,1.783018,0.860416,-0.189345,-0.281687,-0.029697
0.203579,0.279388,0.443978,0.463423,0.966194,1.326434
-0.576564,0.568012,0.482717,-0.67704,0.570923,0.048603
0.846988,-0.71257,1.056026,0.483022,0.504287,1.133208
0.650215,0.041955,-0.344726,-0.206192,-0.260012,0.444178
1.35386,-0.024429,0.896892,-0.227603,0.372809,0.286397
-0.359892,-0.018953,0.159092,0.614146,-0.60456,0.807375
2.036041,-0.142132,1.085422,-1.400675,-0.204321,0.47704
-1.447769,0.434816,0.231991,-0.720815,0.44623,0.07513
1.122093,-1.129921,-0.759105,-0.07827,-1.015071,-0.372029
0.496814,0.098612,0.30691,0.79092,1.143838,0.071644
0.770204,-2.117228,-1.068468,0.808114,-1.250976,-0.470245
0.498561,0.239183,0.968768,0.98516,1.148225,0.559953
-0.105756,-1.415987,-0.449088,0.092907,-0.635208,-0.329197
-0.721057,0.15235,-0.382652,0.518205,-0.230469,0.167639
-0.204261,0.19194,-0.182722,0.987397,-0.236491,0.686004
0.739229,1.030122,0.242682,-0.976315,0.593091,-0.166508
0.50491,-1.334505,-1.509959,0.594791,-0.037847,-0.039012
-0.531706,-0.989545,-0.993511,-0.004295,-0.70094,-0.284125
-0.594618,0.231241,0.577586,-0.948812,0.209845,-0.206254
-1.367488,1.514199,-0.204048,0.18511,0.263451,-0.142751
1.298804,-1.69732,-1.455635,-0.546193,0.28395,0.48226
1.499414,-0.327309,0.982641,-0.016173,-1.213121,-0.458423
0.257016,-1.849935,-0.097592,0.619069,-0.564557,-0.886224
-1.274845,-0.598202,0.4514,0.449879,0.94521,0.529521
0.029579,-1.653094,-0.5881,0.231089,-1.11857,-1.211927
-0.244068,-0.633608,-1.572282,0.643561,-0.484655,0.518355
-0.174183,-1.164319,-0.641059,0.808774,-0.820387,-0.383544
-0.912929,-0.094719,0.200082,-0.739693,-0.899734,-0.596557
-0.462585,-0.227954,0.068705,0.097984,0.172171,0.092368
-0.236034,-0.869261,-0.257655,-0.811404,-0.918279,-0.427708
-0.659465,-0.348208,-0.684524,1.17714,-0.487814,0.486071
-1.012596,0.713765,0.314556,0.637269,-0.103556,0.924667
0.687079,0.147375,-0.327808,-0.745909,0.553053,1.314078
1.974378,0.553541,0.932306,1.245231,0.641944,0.461541
-0.801153,1.635171,1.057756,-0.496215,0.229729,0.568665
1.199996,0.201348,0.85396,-0.956778,0.84505,0.69433
-0.748318,-2.057668,-1.936632,0.977375,-0.441243,0.449178
1.089905,0.095199,0.666758,1.287176,1.09823,1.015471
0.931675,-1.627549,-1.126752,-0.64104,0.910163,-0.190825
0.579712,-1.041929,-0.004967,-0.511007,0.1508,0.361592
-0.817579,-1.702408,-0.393845,0.88712,-0.800909,-0.539781
1.522142,-0.199061,1.003767,0.905191,0.719007,-0.245692
1.556961,-0.419255,0.234007,-0.122105,-0.513262,-0.405381
-0.033529,0.1157,-0.367506,-0.542597,0.270248,0.342095
-0.795953,-0.734664,-1.045557,0.5989,-0.773027,0.385659
0.83539,0.807333,0.614349,-0.640245,-1.068963,-1.377117
1.614298,-1.777537,-0.774627,0.875106,-0.013132,0.75102
-0.373228,1.210963,1.015227,-0.785382,0.978627,1.468662
-0.146476,1.293779,0.948763,0.038303,0.861114,-0.494816
0.005721,-0.718831,-0.180854,-0.89573,1.35551,-0.974501
1.108369,0.003849,0.914144,0.512804,1.61559,1.183883
0.644693,0.4742,1.154434,-0.575168,-0.231733,-0.151377
1.157881,-0.078361,0.239533,0.027645,1.24636,0.904353
-0.412593,-1.634814,-0.148805,-1.165297,-0.692264,-1.140596
-1.593186,-0.192076,-0.762602,-0.534796,-0.856013,-0.687537
-0.137091,-0.2199,-0.42601,0.465488,-0.035253,0.998985
1.175247,0.007112,-0.054667,-0.539001,-0.691884,-0.232107
-1.695944,-0.697986,-0.861415,0.512854,-0.841643,-0.863452
1.213995,2.113768,1.176067,-0.174653,1.297243,0.955685
1.857992,-1.508463,-1.022264,-0.989135,-0.085624,-0.12757
-0.368353,-0.24349,0.256206,-1.496002,1.051431,0.543381
1.17456,0.361132,0.210275,0.185179,-0.814274,-0.782716
0.46005,-0.833076,-0.595778,-1.037188,0.193018,0.117157
1.663847,-0.353407,1.044078,-0.981745,0.198549,0.453689
0.364201,0.403469,-0.025911,1.358238,0.653324,0.710353
-3.598749,-0.146484,-1.08897,0.873549,0.393126,0.572678
-0.04387,1.456511,0.870417,-0.552266,-0.099901,-0.918197
0.83499,0.838625,-0.602588,0.077413,-0.715192,0.780193
-0.388913,-0.327357,-0.949474,0.323883,-1.399592,-0.421678
0.268012,-0.72708,-0.671527,0.432082,0.775286,0.414335
0.962712,-0.373309,0.532214,0.470074,0.334123,0.538877
-0.754877,-0.271529,0.421656,1.143866,0.063294,1.042608
0.513991,0.11718,-0.121725,-0.779018,0.874677,0.401897
0.529214,0.405058,0.219463,0.198043,0.130286,0.66724
0.79744,-0.635328,0.186043,1.090478,0.925537,-0.160554
1.603075,0.281799,1.060998,-0.114943,-0.818381,-0.783871
0.542045,1.582197,0.820168,-0.608487,0.567911,-0.698694
1.110808,0.205486,-0.061644,0.111449,-0.288072,-0.062874
1.544791,0.462109,1.142082,0.710035,-0.479545,-0.104596
0.157027,1.586897,0.409393,0.196435,0.441222,-0.048333
-1.821063,0.345706,-0.711408,0.221172,-0.158259,-0.213852
-0.502034,1.693368,0.499712,0.043311,0.48561,-0.313563
-0.383523,-1.644989,-0.638358,0.434182,-0.760901,0.506869
-0.550096,0.313232,-0.107658,1.640218,0.904349,0.693375
-0.463546,0.388817,0.130425,0.766209,-0.373556,1.359831
0.991489,-0.810347,0.439388,0.124084,0.088078,0.539298
-1.228881,-0.267823,-0.884019,1.029882,-0.827505,-0.281543
-0.777341,-0.837946,-0.538929,0.864878,0.915134,0.504219
1.383918,0.448193,0.623291,0.753581,0.399832,0.205665
0.257828,0.513068,0.153722,-0.351259,1.193415,-0.075459
-0.798692,0.106962,-1.271585,-0.38739,0.54769,-0.013253
0.667562,1.325868,0.073183,0.655325,-0.096615,-0.661403
0.125827,0.608779,1.35401,0.254582,0.480815,0.457336
2.003048,1.68495,0.868406,-0.128228,0.443602,-0.487465
0.598855,0.419956,0.745407,0.061058,0.737144,0.231625
0.738021,-1.173121,-0.759754,0.947421,-0.95379,0.404169
1.011763,-0.647884,-0.497236,-0.633512,0.862727,-0.377892
-0.330353,-0.144057,-0.585476,0.683501,-0.265859,0.208773
-0.619115,-0.19631,0.594086,0.328248,-0.0541,0.898993
2.530138,-0.886596,0.248238,0.676553,-0.46124,0.31952
-0.265396,0.691795,-0.036875,0.34683,-0.51466,-1.38462
-1.093794,-0.676716,-0.163531,1.073677,0.585338,0.021202
0.574354,1.594177,0.861739,-0.362509,0.295026,0.444533
-0.961943,1.847136,0.168502,-0.45956,0.4882,1.401252
-0.198513,0.610858,0.892245,0.039109,0.42887,0.466636
-0.278007,-2.001733,-1.099941,0.573595,0.631383,0.160094
0.794732,-1.192065,-0.801651,0.178414,-0.01075,0.381628
0.301894,-0.926962,-0.501454,1.033964,1.10697,1.298903
0.768589,0.556838,1.522768,-0.758485,-0.506226,-1.125173
0.888924,1.465562,0.185368,-0.269935,0.015224,0.080357
-1.455533,1.510244,0.437732,-0.104117,-0.20623,0.167422
0.371116,-0.566707,0.560292,0.055523,-0.636858,-0.624727
-0.47461,-0.552522,-0.591376,-0.75455,0.276016,0.501135
-1.481526,-0.404304,-0.655003,0.818824,-1.231109,0.720096
1.040835,0.787609,0.149182,0.698992,0.41023,0.290029
-0.362039,-0.182738,-0.830941,-0.275854,-0.355238,-0.562573
0.155353,-0.701359,-0.867958,0.197285,0.543861,0.833806
-2.271528,-1.975389,-1.729033,1.632996,-0.660595,-0.121679
-0.981341,0.196797,-0.819558,1.064312,-0.506412,0.250905
0.938859,-0.60159,1.373693,-0.323854,1.203136,0.697126
1.176223,2.007882,1.775042,-0.26938,0.415635,-0.089398
0.338801,1.06639,0.360861,-0.304871,0.056549,0.891664
-1.151386,0.323917,0.991407,-0.876744,-0.357121,-1.124477
0.807628,1.631639,0.381445,0.075844,-0.505399,-1.061757
-0.535972,0.323849,-0.831009,-0.024795,0.539482,0.906201
1.582029,-0.343199,1.184419,-1.00576,0.105934,-0.605571
-2.589571,0.32115,-0.234082,0.442942,-0.770019,-0.833418
-0.589649,1.010541,0.752274,0.249725,0.119558,0.812474
0.554254,0.404337,0.897702,-0.905223,-0.176707,-0.018872
-1.254634,0.795227,-0.70416,0.197083,-0.295844,0.233921
-0.242204,-0.215422,-1.352242,1.306057,-0.000817,0.602724
-0.261967,-0.38896,-0.862406,0.90247,0.594655,0.627761
0.862168,0.354303,1.331853,-1.262638,1.278787,-0.750983
-0.997674,0.365538,-0.942808,0.479151,-1.035894,-0.622337
-0.739378,-0.487613,-0.605221,0.194384,-0.565414,0.123315
-1.386648,0.951264,-0.592054,-0.641759,-0.909713,-1.043105
-0.716309,-1.238713,0.366813,-0.575062,0.633626,-0.565107
-2.359068,0.427305,-0.082239,0.062692,1.283814,0.773387
1.301385,0.275803,0.28092,-0.499257,0.469164,0.155352
-1.893584,1.708013,0.715297,-0.778129,0.684989,0.673623
-0.93318,-0.101851,-0.40363,0.463905,0.128932,-0.164789
2.556316,-0.075312,0.611706,-0.743152,-0.107975,-1.468006
-0.665972,1.015533,0.189376,0.562051,-0.15638,0.203972
-0.242049,0.033417,-0.153695,-1.113162,0.267031,0.031838
2.599045,1.024406,0.728282,-1.259349,-0.575324,-0.692041
1.826088,0.151311,0.538892,0.301468,0.311595,-0.791622
-0.785738,0.07023,-1.13753,0.098445,-0.346522,0.207058
-0.241161,0.771721,0.906646,0.477313,0.454088,-0.375191
-1.371306,0.29001,-0.643782,-0.632099,-0.799656,-0.651398
0.389446,-0.682228,-0.908033,1.042534,0.171282,0.574358
1.885494,-0.036962,0.133338,0.152464,0.233758,-0.741442
-0.325124,-1.232944,-1.100264,-0.314999,-0.506313,0.631526
1.722773,0.081415,0.995556,-1.415024,0.134646,-0.074143
-0.458422,0.552904,-0.077399,-0.281787,-0.653632,-0.714308
0.750303,-0.531713,0.736454,-0.883234,0.050926,-0.123154
-1.323859,-0.19378,0.595036,-1.025903,0.33289,-0.836044
-1.569248,-0.178337,0.101585,0.768111,-0.964356,0.302303
1.528164,0.644402,1.217329,-0.108633,0.681538,-0.079686
-0.531042,0.382975,0.270764,0.297545,0.091716,0.378182
-1.444948,0.373386,0.435134,0.778385,-0.510357,-0.120496
-0.40536,-1.165528,-0.167856,-0.812228,-0.926238,-1.156408
-0.372936,-0.465271,-0.034368,-0.940692,0.753887,-0.302745
2.282491,-1.046576,0.698154,-0.965864,-0.710037,-0.910752
0.083895,-0.926265,-0.483638,-0.828766,-0.698784,0.259285
0.297015,1.397423,0.828781,0.890936,-0.412717,-0.279462
-0.822769,-0.029785,1.138503,-0.338653,0.70163,0.968843
-0.204125,-0.618386,-0.4042,-0.427805,-1.551289,-0.559808
0.885224,0.51427,0.520854,0.396936,-0.686972,-0.651275
-1.375371,2.411017,0.239214,0.541586,0.306072,0.497666
-0.214061,-0.322606,-0.740028,0.716652,-1.201881,-0.72395
0.484852,-0.246855,-0.135379,0.148241,-1.006821,-0.33795
-0.846526,0.394695,0.61981,-0.128316,-0.335681,-0.42227
0.486427,0.951237,0.915228,-0.178787,0.904849,-0.014113
0.576606,1.007572,0.336206,0.242939,-0.871034,-0.390394
0.688592,-0.490862,0.909381,-0.0378,-0.394579,-0.907338
1.191358,-0.738872,-0.004599,-0.015894,-0.162491,-1.45217
-0.132406,1.504238,1.448555,-1.147856,0.439466,-0.219189
0.516167,0.686445,0.404989,-0.349979,-0.659539,0.001657
0.988119,0.543726,-0.212767,-0.019443,0.812404,0.01381
0.648587,0.816648,0.918258,-0.159595,-0.075544,-0.498389
0.911293,0.107982,-0.281757,-0.968843,0.189655,-1.081653
2.057605,-0.998741,0.044876,0.610583,-0.615482,-0.600841
0.542071,-0.47997,1.471246,-0.737405,0.589353,-0.142303
0.650934,1.65958,1.008863,-0.196954,0.538213,-0.385115
0.062127,-0.636661,-0.890045,0.677802,-0.721062,-0.70901
0.152857,0.050754,0.354762,-1.12033,0.015021,0.157944
0.193721,-0.220099,0.339211,-0.695522,-0.646262,-0.293001
0.169393,-0.022249,0.844774,-0.172588,-0.473414,-1.191795
-1.345129,0.22944,-0.708165,-0.580626,-1.291931,-0.869287
0.664437,-0.639395,0.603081,1.021153,-0.426793,0.325117
-0.046588,-0.536851,0.429855,-0.591975,-0.323365,0.246112
1.219239,0.394185,0.405638,0.691134,-1.164713,-0.780807
0.276316,1.124151,0.800678,-0.620764,-0.289946,0.264224
1.621276,1.334139,0.821656,0.027879,0.106968,-0.483974
0.380143,1.463124,0.626444,-0.918745,0.630303,-0.784107
-0.645746,-0.018912,-0.546561,0.575345,-0.674174,-0.643879
0.497611,0.714149,0.863617,0.308517,-0.304247,0.145318
2.053703,0.579366,-0.061231,0.78045,-0.68876,-0.195798
1.071705,0.162093,-0.252995,-0.001313,0.452408,0.070462
-1.174374,-1.178721,-0.178536,-1.787012,-0.27261,-0.930736
0.693315,0.986799,0.732909,-1.207291,0.970417,-0.480865
-0.813149,-0.460529,1.007591,-1.4978,1.320678,-0.398001
-0.987206,-0.487819,-0.472587,0.92036,-0.557586,-0.200862
-1.168026,-0.256183,-0.673968,-1.210319,-0.320726,-0.343555
0.891562,-0.207804,0.658406,0.922541,-0.552601,0.542745
-0.338577,0.410331,0.672574,0.138454,-0.462218,0.889782
-0.098062,-0.360046,-0.086794,0.137365,-0.734768,-0.904211
0.375793,-0.069621,0.827663,0.13497,0.51246,0.669128
0.510673,1.823173,0.396121,-0.851656,-0.162834,-0.564662
0.473922,2.022418,0.557426,0.814983,0.4317,0.791261
0.529974,-0.345659,0.127723,-0.126944,0.692676,-1.243565
-0.104906,1.75422,0.31027,0.823256,0.525928,-0.012261
-0.601056,-1.967866,-0.830745,-0.381306,0.909352,0.597014
-0.312546,-0.650989,-0.086883,-0.1367,-0.085681,0.334551
-0.257585,0.36567,0.062601,-0.37158,0.300733,0.047656
0.542689,0.060464,0.659856,-0.729255,-0.58377,-0.820042
-0.234007,-1.45975,-1.26189,0.398694,0.567121,0.15403
0.797387,0.499309,-0.232763,0.023592,-1.247804,-0.883507
-1.47687,-0.028723,-0.802138,-0.165111,0.41108,-0.044203
1.158871,-1.387108,-1.043869,1.155458,0.730306,0.171869
-0.171719,0.528139,0.594255,0.529824,0.435051,-0.010168
0.035538,-0.539471,0.076215,0.269527,-1.246348,-0.566321
0.207775,0.803821,-0.241914,0.820326,-0.730142,1.012448
0.316516,-0.728803,0.851793,-0.689023,-0.817657,-0.22357
0.67229,0.641514,0.864083,0.670455,0.233539,-0.87777
-0.200026,0.262705,0.276697,0.117967,0.369855,1.020218
0.789465,0.346537,0.936453,0.17621,0.80697,0.327723
-2.295761,-0.100547,-0.825848,-1.011716,0.494224,-1.397772
0.892377,0.18918,0.532888,0.92246,-0.372111,-0.54058
-2.214408,0.451166,1.143973,-0.474178,1.145272,1.54166
1.289452,0.525551,0.877502,-0.770755,1.001365,-0.740148
-0.929933,-2.019847,-0.756807,-0.147814,-0.767276,-0.371783
-0.40704,1.015294,0.828276,-0.11707,-0.295667,-1.346017
-0.161606,0.303118,0.18079,0.317322,0.66745,0.703396
-1.57035,1.893434,0.001073,0.635974,-1.086336,-0.502597
0.217025,-0.069769,-0.282816,0.062909,-0.531049,-0.323777
2.066753,1.698409,0.55683,-0.181086,-1.038798,-0.849793
0.711738,-0.69316,-0.300274,-0.642468,-1.094771,-1.100312
0.812617,-0.719375,1.261283,-0.848566,0.667386,-0.900427
-0.592694,0.985717,0.016643,-0.766769,-0.938244,-1.112322
0.64052,0.207792,1.247134,-0.482096,1.090543,0.677627
0.961012,0.729808,-0.175286,-0.821465,-0.230782,-0.228042
0.528106,-2.80803,-1.233831,-0.471187,-0.591035,-0.69116
0.896309,-1.705375,-1.017502,0.861333,0.759999,0.889203
0.081468,-0.610225,-0.036937,-0.087622,0.49153,0.958289
-0.707831,0.069855,0.647397,0.754543,0.561337,-0.345921
-0.051648,0.018094,-0.640051,-0.893773,0.715868,0.704493
0.829331,-1.674597,0.786709,-0.801666,1.170563,0.571029
-1.503602,-0.024138,-1.545689,0.20598,0.539095,1.09419
-0.819968,-0.356314,-0.108355,-0.767655,-0.675205,-0.692964
-0.941297,-0.412864,-0.740353,0.585119,1.233364,0.472385
0.746466,-1.389072,-0.875712,-0.465221,-0.842615,-0.67544
-0.007425,1.028095,-0.21373,0.539569,-0.868673,-0.334188
1.375501,0.966174,1.345861,0.298623,1.081288,0.799564
0.007692,0.836391,0.831999,-0.279827,1.511794,0.702303
-0.161976,-0.154443,-0.651937,0.08369,0.032804,-0.020334
0.870235,-0.363735,-0.537864,1.113031,1.031443,1.077361
-0.461916,0.95623,0.764479,-0.345316,0.22779,0.496925
1.013408,-0.421132,-1.108966,1.008384,-0.719688,0.172117
-0.512882,-1.381596,-1.132756,-0.051118,-0.993317,-0.308246
0.02302,-0.789952,-1.016083,0.437627,-0.442751,0.167794
0.740373,-1.134614,-1.306178,0.165364,-0.765365,-0.273842
0.20844,-0.656876,-0.233373,0.675804,-0.050315,-0.020706
0.897658,-0.65078,0.646667,1.009912,-0.08763,-0.178512
1.471996,-0.567949,0.767116,-0.119511,0.015679,0.520093
-0.706787,-0.523971,-0.284907,0.584143,0.144589,-0.230358
0.448985,-0.631735,-0.368508,-0.959288,0.755726,0.184598
-1.378698,-0.314229,-0.516394,0.057927,0.989093,-0.849205
-2.259514,-1.457085,-1.374301,0.808371,-1.569326,0.284998
-1.273983,-0.843167,-0.281104,-1.687354,0.117223,-0.541518
0.151782,1.640269,1.306814,-0.607212,0.593746,-0.111964
-0.930109,0.387489,-0.135548,0.534544,0.509416,0.889444
0.864263,-1.031543,-0.385827,-0.282882,-1.016565,-0.469362
0.116829,0.506516,0.939348,-0.489737,0.833306,-0.006777
-0.621163,0.134073,0.171445,-0.044489,0.47544,0.824484
0.484043,0.237159,-0.3906,-0.145237,1.186946,1.104262
-1.576927,0.638073,-1.099375,0.305835,-0.820199,-0.193009
1.27497,0.519819,0.730607,-0.022807,0.820726,0.765878
0.29372,0.650776,1.504507,-1.151865,0.528157,-0.323485
2.193407,-0.712279,0.868877,1.036282,0.971336,1.435066
0.809112,-0.542064,0.806321,0.001791,0.461589,0.748758
0.297445,-1.652014,-0.813774,-1.770128,0.019233,-0.478012
-0.763689,-0.373141,-1.090049,0.60547,-0.827023,-0.070345
-0.116627,-0.45211,-0.749374,0.905064,1.220739,0.902892
-0.811682,-0.298101,-1.022874,0.768139,-0.199503,0.6802
-0.422111,-0.476715,0.301245,0.408226,-0.419451,-0.458226
3.121099,0.240637,0.458005,0.198654,-0.919455,-0.614233
-0.921224,-1.420085,-1.370008,0.908771,-0.175203,-0.76767
-0.28799,0.334473,0.665472,-0.202744,0.651841,0.926391
0.473648,-0.26673,0.853861,-0.333594,0.417848,0.565619
-1.533586,-0.9814,-0.403455,0.810268,-0.481914,0.799099
-0.779559,0.240308,0.122599,-0.461601,-0.166611,-0.941447
0.985466,-0.973248,1.067366,0.967001,-0.756014,-0.823332
0.926673,-0.407,-0.005989,-0.83875,-0.298305,-0.976445
2.018718,-1.584597,0.092748,-0.531016,0.730785,0.140208
-0.088626,-0.605719,-0.601425,-0.410509,-0.943633,-0.171541
-2.717398,0.742475,-0.847141,-0.596741,-0.793084,-1.408502
-1.239383,0.409386,0.367613,0.132915,0.760763,0.916317
-1.43839,-0.771218,-1.01122,0.593381,0.161413,-0.794859
0.146382,0.169255,-1.185643,0.153284,-2.044899,-1.1349
0.134282,-0.010959,0.167446,0.866914,-0.433081,0.568457
0.304727,0.240177,-0.24865,-1.066684,0.601234,0.9564
-1.387855,-0.833126,-1.56135,0.310927,-0.724035,0.317219
-0.256764,-0.422396,0.137328,-0.126383,0.823211,1.23729
-0.610615,1.533731,0.114215,-0.978472,0.285931,0.017977
0.170476,0.687528,0.563989,0.293476,0.415706,-0.285759
0.311082,-0.458282,-0.595455,-0.049771,0.439382,0.652002
-1.702872,0.365687,-1.122401,0.704093,-1.028645,-0.227333
-2.113834,1.313666,-0.095349,0.454463,-0.386123,-1.010311
-0.682778,1.218609,0.841685,0.563749,0.520402,1.072038
0.172908,-1.183311,-0.863879,-0.473481,0.54412,0.965073
-0.165421,0.752465,-0.06255,-0.524862,-0.444696,-0.407735
-1.222182,-0.98406,-0.468125,0.503592,0.435586,0.225262
-0.979036,0.307819,0.957524,0.212682,-0.846804,-0.629956
0.47577,0.582175,1.067411,-0.920441,0.648719,-0.164446
0.14364,1.130552,1.147487,1.074294,0.913624,0.546712
0.431856,-0.675465,-0.633184,-0.083597,-0.099601,0.12837
-0.452978,-1.187174,0.848867,0.558472,0.477215,0.696859
0.987814,-0.297196,-0.005782,-0.205943,-0.807658,-0.488201
0.705869,0.684035,0.695214,-0.430042,1.244884,-1.100861
-2.071152,1.950584,0.242912,-1.379044,-0.49202,-1.019601
-0.595154,0.170733,0.337266,0.223525,0.254339,0.432269
1.585329,-1.167197,0.41692,0.574237,0.127263,0.787229
1.056613,-2.169143,-0.957972,1.36498,0.746507,0.607099
0.015615,-0.196709,-1.009462,-0.517389,0.465166,-0.029936
1.803154,0.383744,0.585198,-1.179214,-0.085988,0.641912
-1.393681,1.930225,0.090597,0.52725,-0.152327,0.690981
0.796707,0.60195,0.842959,-0.455715,1.440503,1.244679
-0.906527,0.332258,-0.626962,0.892267,-0.11224,1.294524
-0.169544,0.676627,-0.255778,-0.16578,-1.080856,-0.634236
-0.571851,-2.228423,-1.101692,-0.617267,0.705973,0.611723
1.011595,1.195811,0.315246,-0.780223,-0.481249,-0.322272
-0.145974,1.098252,0.487979,-0.629316,-0.048179,-0.740189
0.251025,0.330959,0.09162,0.42114,0.607356,0.539333
0.712846,-2.240761,-0.096788,0.768312,-0.492258,0.20483
1.643323,-1.555493,-1.301172,-0.644612,-0.329661,-0.238815
1.956954,-0.904764,0.739513,-0.694277,0.611797,-0.790094
-0.555821,0.346457,0.038985,0.168756,0.261351,0.189761
-1.036365,-1.558172,-1.511576,-0.29922,-0.201205,-1.042045
0.611364,-2.040567,-1.019199,-0.643125,-0.904114,-0.677912
0.096382,-0.944495,0.173459,-0.57308,0.322961,0.302375
-0.420084,-0.608548,-0.084781,0.438202,-0.391212,-0.096493
2.101679,0.51921,0.407176,0.457251,0.89531,1.244976
4.1e-05,0.041808,1.262992,-0.526189,0.074265,0.414692
0.073928,-0.01853,-0.914201,-0.047563,0.008696,-0.36319
0.232107,-0.185249,0.384599,-0.455217,-0.899348,0.043235
0.463015,-2.232767,-0.530154,-0.049602,-1.040474,-0.746959
-0.23571,-1.009548,-0.65417,0.361174,-0.452428,0.231566
0.09496,-0.158194,-0.560802,0.213586,-0.989102,0.729596
-2.243667,-0.813073,-1.180478,-0.141092,0.07107,1.340853
0.490634,-0.438335,-0.407713,-1.029005,-1.782988,-1.109244
-0.272661,-1.015443,-0.694177,1.290399,0.302451,1.277772
1.306233,-0.775192,-0.390487,0.000686,0.226419,0.56149
1.03487,0.861392,0.322178,-0.947133,0.66197,0.93612
1.022447,-0.645707,0.314298,0.653972,1.006645,0.901286
0.21571,0.262032,0.127199,0.417539,-0.69591,-0.38753
0.223154,-1.152838,-1.16312,1.910939,0.014763,0.454738
-0.922889,-0.053312,0.380673,0.76803,-0.421692,0.695624
-0.172249,0.356286,-0.229146,0.025618,0.1182,-0.727422
0.159041,-0.139184,-0.937728,0.800283,-1.47793,-0.632156
1.037444,0.602191,0.433576,-1.030201,0.811697,0.035979
-1.383101,1.0743,-0.377093,0.499129,0.426761,0.848065
1.380774,1.030327,0.942797,-0.538423,0.483008,-1.533183
-1.00095,0.737136,0.84189,-0.021138,-0.739092,-0.897508
0.275899,1.455444,0.316179,-0.343724,-1.056306,-0.677301
1.731004,-0.211543,1.280059,0.622664,-0.234587,0.710419
1.137422,1.013351,0.105812,0.352162,1.043119,0.784932
-0.139152,-0.469823,0.604391,0.207104,0.41082,-0.411207
2.260962,1.404973,0.496529,0.844779,1.297069,0.945717
0.920434,-0.528944,0.503234,-0.572984,1.091056,0.200776
0.329251,-0.119126,-0.030392,-0.823893,0.448063,0.871313
0.509921,-0.73459,0.171652,1.366902,-0.129832,0.758942
-0.313003,-0.559179,-0.572789,0.407031,-0.290412,-0.100854
-0.666943,-0.395407,-0.010017,0.680932,-0.901319,0.329523
-0.225035,-1.288796,-0.396338,0.245529,0.385956,0.170778
1.38479,-0.31598,1.385996,-0.296183,0.967521,0.577955
0.518737,0.686061,0.846277,-1.35271,-1.01879,-0.446477
0.803784,-1.791476,-0.547411,0.58281,-0.677821,-0.073887
0.530231,-0.781097,-0.693024,-0.222457,-0.533284,-0.614981
1.931823,-2.409753,-0.46768,1.184044,-0.722109,0.324728
-1.172303,-0.815868,-0.815415,1.515845,-0.721421,-0.67194
-0.725863,-0.758341,-0.520123,0.929726,-0.375504,1.184933
0.821032,-1.233857,0.602165,-1.53602,0.095114,-0.956189
-1.174399,-0.110097,-0.692124,0.643226,-1.099144,-0.458483
0.094471,-0.515571,-0.671514,0.75048,0.332456,-0.394808
-0.417704,-0.887586,-0.599433,0.212285,-0.135691,0.249108
0.865395,1.015375,0.742061,-1.072727,0.735781,-0.361527
-0.014834,-1.400949,-0.953417,1.107563,1.087725,1.356833
0.218906,0.124287,0.523822,0.531605,-0.725152,-0.324744
-0.3111,0.178594,0.022923,-0.366714,0.905968,0.332199
0.082941,0.552156,0.430739,-0.800115,0.709054,0.571169
1.315971,0.085069,-0.545777,-0.967931,-0.942022,-1.407691
-1.091042,-0.762431,-0.551952,0.6548,-1.220668,-0.121509
0.377927,0.665777,0.250472,0.691845,-0.32682,-0.265742
1.099035,-0.157196,0.889141,-0.288473,1.136384,0.475358
2.20957,0.737469,1.012149,-0.725583,0.756265,0.696658
-0.053288,0.157179,0.062899,0.857975,-0.355096,0.630261
1.332931,-0.633889,1.4363,0.108511,0.187725,-0.338576
-0.85874,0.987431,0.656621,-0.997837,0.956113,0.905438
-0.11222,-1.699493,-0.876671,0.130815,0.393599,0.575621
-0.473132,0.537595,-0.974897,-0.864082,-0.282985,-0.295596
-0.333517,0.479838,-0.26652,-0.702984,0.150969,-0.448152
-0.521237,-1.287088,-1.110753,1.099531,-0.992117,-0.045059
-0.901891,-0.389236,0.98182,1.048295,0.702928,0.314099
1.290237,-1.05839,-0.715299,-0.645541,0.280443,0.37848
0.629542,-0.470322,-0.523573,-0.634466,-0.851346,-0.779508
2.211587,-0.6911,0.729034,0.437947,0.706918,-0.383402
-0.768725,0.108207,-0.393901,0.280229,-0.525944,0.231706
-1.652884,0.962056,-0.286962,0.693828,-0.105264,0.562119
-0.327745,-1.050809,-1.07704,-0.79628,-0.528546,-0.286214
-1.798989,-0.482376,-0.312592,-0.139223,-1.364692,0.133091
-0.377272,0.524944,-0.193809,1.404135,-0.617431,-0.324766
0.817518,0.888671,0.598568,0.437026,0.255054,0.353538
0.113875,0.100452,-0.435158,-0.213874,0.984505,0.782112
-0.254328,0.681864,1.191441,0.65236,-0.291203,-0.92128
-0.819593,0.126161,0.874393,-1.122193,0.095923,0.303532
0.743993,0.448502,-0.064488,0.078708,-1.108015,-1.285748
-0.339504,0.125709,-0.147278,0.352142,1.296699,0.664126
-0.286618,-0.952533,0.040336,0.10622,0.78217,0.905915
0.861552,-1.004543,0.088802,0.684713,-0.749708,-0.059213
1.187958,0.894638,1.46962,-1.001174,-0.319468,0.057929
1.536039,0.615461,-0.119587,-0.605135,-0.226721,0.267703
-0.23783,-0.250601,-0.484479,0.586576,-0.333382,-0.711831
0.543312,-0.929403,0.218699,-0.095102,-0.718332,-1.26005
-1.011635,0.297551,-0.675586,0.835761,-1.092421,-0.176996
-0.731576,-1.07804,-0.690009,0.699559,0.572129,0.937983
-0.015409,0.170848,-0.014242,-0.114806,-0.5836,-0.667688
-0.168181,0.936323,0.462416,0.315396,0.931352,0.239307
-0.048015,0.288132,0.294567,-0.179587,-0.508537,-0.206883
1.292001,-1.436639,-0.779303,0.710177,1.258711,0.164204
-1.003062,-0.602286,0.201647,0.09741,-0.839112,-1.081055
0.682442,0.636491,0.399333,-0.738097,0.666513,0.487784
1.719899,-0.598468,-0.23705,0.14624,-0.697232,-0.598888
0.112103,0.767867,0.971965,-0.383168,-0.19998,-0.93621
-2.013388,0.045573,-0.789752,-0.616543,0.057282,0.026186
-0.614784,-0.179094,-0.79395,0.366978,-0.330436,0.063695
0.415804,0.027525,-0.368751,-0.066866,0.204889,-0.507358
-0.091914,-0.531149,0.428576,1.031494,-1.114103,0.056191
2.619028,-0.277443,0.706877,-0.804041,1.013527,-0.461319
1.633609,1.934446,0.989958,-1.017863,0.974301,-0.391445
-0.767974,-1.058264,-0.406762,0.174798,0.858881,0.044568
1.328333,0.162405,-0.283164,0.976604,0.232385,0.538786
0.742227,1.962924,-0.499285,0.466609,0.843676,1.402235
-0.01353,-0.754364,-0.848603,0.209102,1.186145,0.922599
0.228435,-1.883742,-1.284224,0.432281,-1.221785,-0.439927
-0.71696,0.26408,-0.488781,1.005162,-0.72947,0.14351
0.996174,-0.323265,0.499938,-1.227753,-0.517908,-0.909934
-2.161322,0.784464,0.752417,0.626792,-0.761791,-0.122164
-1.095663,0.055975,-0.460092,-0.161216,0.014214,-0.210524
0.31866,-0.552834,0.395555,-1.191726,0.087202,0.217852
-0.301457,0.138884,-0.165983,0.785833,-0.070355,0.960267
-1.536759,1.252415,0.134145,0.1471,-0.284409,0.657407
-0.325213,-1.421871,-0.945952,-0.065623,-0.568688,-0.631578
-1.383288,0.798727,-1.578063,0.066027,-0.211416,0.155956
0.632607,0.918871,0.867154,0.326678,0.116419,-0.688654
1.066237,-2.281945,0.140562,-0.708445,0.152027,0.08927
-0.310986,-1.498253,-0.995544,0.926792,0.397037,0.753226
-1.188728,1.418332,0.306488,0.113911,-0.54976,-0.791622
1.603251,0.576057,1.07773,-0.893941,-0.507301,-0.739514
-1.080934,0.197538,-0.019744,-0.0045,-0.060678,0.591922
1.901859,-0.779507,1.725938,0.460387,0.933088,0.604992
0.128295,-0.653867,-0.754568,-0.450859,-1.042541,-1.182743
0.046479,-0.21665,-0.800026,1.094071,-0.00762,0.228382
-1.327619,-1.169836,-1.256143,0.488713,-0.192864,0.726111
0.978104,-0.15941,0.331582,0.54231,-0.395144,0.874321
-1.198769,-1.059913,-0.547933,0.433191,0.951405,-0.113542
-1.105072,-0.435424,-0.531622,-0.702478,-0.039207,-0.183573
0.001047,-0.36029,-0.60616,-0.382534,-0.857255,-0.870964
-1.427496,1.827118,0.220203,-0.595234,0.330905,-0.153318
-2.221625,-0.678179,-0.863163,0.01458,-0.797446,-0.255095
-1.023751,1.208777,-0.212411,-0.831013,0.276394,0.876654
0.323253,-1.743677,-0.522559,0.334262,0.385066,-0.618573
1.985108,-0.50365,0.681135,-0.835323,-0.048636,-0.659951
-1.519139,-0.533068,-0.959927,0.181713,-0.79883,-0.660541
0.225589,1.972294,0.544461,-0.632821,-0.392275,-1.037942
-0.197942,-1.541367,-0.652704,0.821969,0.885566,0.371623
-0.299968,1.031594,-0.014042,-0.319415,-0.484304,-0.933256
1.785275,0.014058,0.532006,-0.745575,0.891863,0.340326
-0.289515,-0.125781,-0.328568,0.580104,0.416667,-0.119052
-0.611618,0.484764,-0.638391,-0.322672,1.102391,0.020791
-1.242971,-0.413576,-1.003792,-0.729415,-0.806348,-0.734105
1.320566,-1.84974,-0.797674,-0.36838,-0.207464,-0.311909
-0.587732,0.338794,-0.397294,-0.52594,-0.028342,-0.948559
-0.590847,1.0378,0.211073,-0.468664,0.575829,-0.268481
-0.470561,-1.114263,-0.993674,0.091879,0.081185,0.121888
0.768746,1.349274,0.546581,-1.213131,-1.516185,-0.78295
-0.086688,-2.710513,-0.790649,0.524643,-0.306981,-0.115002
-1.037255,1.59127,0.84119,0.191223,0.526499,0.362973
0.910628,0.44171,0.699636,-0.925808,0.592739,-0.191068
-0.156707,0.818637,0.593968,-1.278506,0.512646,-0.67128
0.531638,1.032069,0.777639,-0.783085,-1.040823,-0.95982
-0.473578,0.068385,-1.344446,-1.053147,-0.923982,-0.826038
-0.773664,0.514317,-0.92987,0.971199,-0.770984,-0.247267
1.017931,1.346404,-0.697607,0.395713,0.340375,-0.342848
-0.649614,-1.496463,0.068366,-0.477121,0.377731,-0.671051
1.712762,0.872717,0.796624,-0.820778,0.719228,-0.63059
1.46562,-0.235498,0.897939,-0.125384,1.027679,0.852373
-0.117165,0.04341,-0.695316,-0.087191,-0.438544,0.850256
0.814669,-0.667828,-1.014473,-0.436385,0.06621,-0.028673
-0.152617,0.65915,0.923802,1.505077,1.381734,1.216013
-1.012815,1.519532,0.979047,0.027584,0.39121,-0.140675
2.55657,-0.023448,0.18057,0.345275,0.326254,0.773069
0.657477,1.372898,0.451606,0.653578,0.459116,0.648566
-0.325485,-0.226882,-0.807524,0.020408,-0.647476,-0.017181
-0.31108,-0.679328,0.436431,1.321056,1.118294,0.617982
1.392081,-1.46878,-0.312183,0.384699,-1.121583,0.107847
-0.308195,1.544531,0.147322,0.224985,0.566134,0.782258
-1.116659,1.320188,0.729588,0.367757,0.161949,-0.1262
-0.084784,-0.632923,-1.736214,0.829399,-0.685812,1.214329
-1.053192,-2.002138,-0.225643,-0.777164,0.548042,-0.185296
0.302427,-0.357304,-0.121024,-0.069075,-0.008683,-0.212637
0.531899,-0.48664,0.296626,0.538396,-0.404451,-0.270563
-1.175888,1.351257,0.271323,0.339861,-0.025092,-0.261932
0.08749,1.606433,1.18445,-0.804757,-0.054495,-1.261797
-0.898155,-0.140062,-0.329501,-0.781385,-1.313733,-0.302349
-0.196264,0.092774,0.095195,-0.3538,0.343301,-0.393655
-0.262115,0.620133,-0.695809,0.924051,0.02382,0.012956
3.13998,-0.058928,1.141773,-0.077506,0.328577,-0.107476
0.458518,-1.695411,-0.676704,0.341506,0.622341,-0.419956
-1.045905,-0.3544,-0.624577,0.649338,1.112965,0.323104
-0.939627,-0.356451,-0.84808,0.41116,-0.922042,0.746751
0.677335,1.064082,1.503161,-0.26219,1.056562,0.291433
0.898841,2.404502,1.077675,-0.704467,-0.027766,-0.666299
0.301296,-0.262634,0.386207,-0.136222,-0.075984,0.092014
-1.070798,-2.228707,-1.075652,-0.267834,-0.346999,-0.043593
0.17566,0.821419,0.520068,-1.256349,0.012604,0.167187
-0.339618,0.352305,0.407988,-0.970818,-0.680708,-0.736878
0.010987,-0.818961,0.229721,-0.217926,-0.75954,-0.977177
-1.06572,-0.454967,-0.403016,-0.514084,0.630266,-0.171372
0.316364,0.706486,0.679528,-0.774413,0.618359,-1.028733
-0.814445,-1.040123,-1.318513,-0.483922,-0.844465,0.289634
-2.305952,0.249841,-1.185731,-0.440598,-0.740473,-0.888119
1.456854,-2.049714,-0.24122,-0.548658,-1.208873,-1.045447
-0.420676,0.682204,0.404538,-1.225305,-0.638689,0.296158
-0.624337,-1.530558,-0.341993,0.546278,1.296238,0.265257
0.519251,-0.128492,-0.453489,-0.107475,-0.519308,-0.684687
-0.521524,-0.203708,-0.500548,0.757935,0.602228,1.095055
-1.087504,-0.353228,0.995454,0.079914,0.36858,0.895439
0.282701,1.80552,0.823005,-1.871489,-0.711019,-0.586943
0.259557,0.386761,-1.209721,-0.273783,-0.951666,-0.822551
-0.214563,1.864508,0.572223,-0.291219,0.524953,0.250021
-0.495619,0.206101,0.49367,0.607425,-0.97209,0.268484
0.06578,-0.52027,0.868745,-0.580367,0.706756,0.549889
0.727306,-0.520409,-0.696261,-0.852192,0.737132,0.567295
0.282755,-0.139672,-0.247825,0.982459,0.091415,0.103472
0.7723,0.844605,-0.634936,-0.537922,0.206871,0.436137
-0.751112,-0.105442,-0.574457,-0.961389,-0.311013,-0.199709
0.072065,-0.194178,-0.197541,0.691863,-1.011899,-0.117718
-0.226448,-0.64674,0.172092,-0.659926,-0.65898,-1.265707
-2.013542,-0.986357,-0.526866,0.779033,-1.114698,-1.082013
0.253951,0.364187,0.229292,0.84246,0.29301,0.279883
0.517106,-1.214064,0.861474,-0.156019,0.657519,-0.554746
0.135023,-0.32061,-1.003555,-0.710618,0.455786,0.168752
-0.636143,-0.364168,0.604711,-0.757565,-0.10109,0.679161
-2.034758,0.62158,-0.147658,-0.133928,0.128843,-0.291317
-0.264309,0.540828,0.603096,0.388706,-0.623038,-0.504595
-0.301187,0.459141,0.13867,-0.586852,-0.3198,-0.491492
-0.644331,-1.89081,-1.153814,0.288371,1.164831,1.051016
0.620695,-1.032979,0.061619,0.473704,1.105605,0.636698
0.820413,-0.019368,-0.745009,0.307102,-1.270205,0.215609
-0.889463,0.417952,-0.065389,1.286565,0.570457,0.093262
0.236903,-0.692754,0.493223,-0.677503,0.676045,-0.813053
0.603544,-0.449875,-0.120384,0.076719,0.510598,0.463375
-1.233239,0.133059,-0.239278,-0.569091,-0.812421,-0.096493
-2.742638,0.614005,-0.884374,0.640455,-0.797626,0.557113
-0.107141,0.251053,0.62224,-0.636655,0.569539,0.549574
-0.281052,0.542768,0.647165,-0.500038,-0.385051,0.344264
0.286927,0.375607,-0.179088,0.482369,-1.370861,-0.736043
-0.164977,0.896258,0.062922,-0.798672,0.864761,0.502249
0.495017,1.449322,0.645619,-1.235597,0.082501,-0.61105
2.78951,1.718162,0.880243,0.903859,1.129422,0.239702
0.199211,-0.202442,0.786994,0.059132,0.616009,0.322667
0.499306,0.090153,-0.867562,-0.163546,-0.197567,-0.037939
0.302827,1.116403,0.545381,0.005991,0.794077,0.155054
0.788371,0.297424,1.046435,-0.936165,0.237992,0.305363
-0.650792,-0.12075,-0.735603,0.604927,-0.509515,-0.355946
-0.83459,0.277051,0.055201,0.679761,-0.586583,-0.243918
-0.46313,-0.45798,-1.109266,0.852013,-0.667733,0.376298
-2.045125,-0.480196,-0.664338,1.434281,0.310408,0.161105
-0.25769,-1.429791,-1.538675,-0.360896,-0.933813,0.488371
0.048149,-1.693027,-0.849066,-0.072262,-0.661843,-0.086144
0.178611,0.065335,-0.198236,-0.083339,-1.150545,-1.268937
-0.425911,-0.322783,0.160028,0.182213,-0.843205,-0.634682
-1.751913,-0.430009,-1.951733,0.195693,-1.188431,-0.476382
-0.667075,0.910993,0.155747,-0.284423,0.040441,-0.615288
-0.4012,0.205113,-0.082013,-0.70959,1.449621,0.908066
0.62452,1.344648,0.695364,-0.160279,0.216675,0.634834
1.208319,0.015598,-0.151567,-0.046131,0.72851,0.749378
-0.15486,0.867065,0.233759,0.246897,-0.044456,0.806135
1.470073,-1.930699,-0.466533,0.396654,0.779164,0.683489
-0.273349,-0.582432,-0.901338,-1.000195,-0.098452,-0.45112
-0.594033,0.041404,0.064853,0.011276,-0.726309,0.11119
-0.473342,0.370335,0.442403,-0.572965,0.61356,-0.016932
0.183898,1.424146,0.105182,0.556674,0.332655,0.911013
0.275565,-0.898751,-0.130002,-0.911274,0.433659,0.123833
-0.208758,0.368284,0.268686,-0.545776,0.68502,-1.019148
-1.48694,0.637555,-0.266489,0.718839,-0.470992,-0.730067
1.248053,0.39696,0.350939,-0.594869,1.120059,-0.476675
-1.588863,0.311378,-0.911013,0.866562,0.072914,-0.493837
-0.286687,0.093143,0.225882,-0.269061,0.3598,0.271357
1.032272,-0.847234,0.747541,-1.092833,0.356735,0.130102
-2.569925,1.048695,0.056572,0.126102,0.213602,-0.365911
-0.123398,0.154836,0.431901,-1.523713,0.155119,0.256173
1.306498,2.864142,0.841045,0.310839,1.364542,0.568697
0.207603,0.027651,0.509683,0.348354,0.012834,1.382475
0.894534,-2.008085,-0.976311,1.405258,-1.670724,0.177699
0.212056,-0.391739,-0.725059,0.478631,-1.374297,0.374808
0.134132,-0.878737,0.11736,-0.224392,0.441218,1.093381
-0.262371,1.173931,0.587226,-0.503329,0.418403,0.066444
0.55319,0.081842,0.550222,0.465317,-0.339748,0.353318
-1.314204,0.174904,-0.273755,0.189328,0.3395,1.067129
0.229579,-0.404167,-0.786142,-0.172532,-1.316708,-0.390986
0.874571,-2.585993,-0.733754,-1.476801,-0.621707,-1.22312
-0.395766,-0.454806,0.300188,0.792649,0.383839,0.778009
0.277104,1.792548,1.082468,-0.427437,0.310701,0.235878
0.276706,0.608415,-0.374225,0.412223,-0.700484,-1.077228
-0.305825,-0.733968,-0.680253,0.289491,-0.17517,0.929522
0.969571,0.335226,0.710632,0.012883,0.96117,0.658044
0.074728,0.354287,1.222112,0.879773,1.128934,0.970372
-0.878387,0.468011,-0.265819,-0.559603,-0.25628,0.812727
1.37829,0.974,0.140693,-0.186125,-1.024394,-0.550843
-0.644052,1.130665,0.863613,-0.566972,-0.209997,-0.499403
0.691694,0.260099,0.422321,-0.815043,-0.704673,-0.614072
-1.566589,-0.174527,-0.485425,0.756341,0.518461,0.806768
-0.407452,0.396042,0.323276,-0.530562,-0.779831,-0.715056
0.616233,1.370123,0.692043,-1.232892,-1.764292,-1.209245
-0.361064,0.6215,0.871655,-0.07811,0.173763,-0.2424
-0.14589,0.462278,0.741795,-0.951468,0.14442,-0.687705
-0.964045,0.869127,1.064785,-1.115844,1.496294,0.57571
-1.35315,-0.7552,0.224689,0.101905,-0.015873,-0.586036
0.267895,2.05523,0.379121,-0.789108,-0.841586,-0.326095
-0.089937,1.174209,0.462586,-0.188732,0.720845,0.700626
-0.979712,1.048715,-0.506922,0.474563,-0.622222,-1.060228
-0.114024,1.135901,0.385838,-0.244021,-0.332066,0.460174
2.987394,0.026986,1.32791,-0.729364,0.026494,0.374069
-0.687416,0.297062,-0.648169,0.32602,-0.111627,-1.670678
-0.39826,1.089078,1.637998,-1.189048,0.605865,0.186626
1.777264,0.905666,1.116208,-0.94618,0.068873,0.537104
0.338524,-0.679931,-0.166778,0.468898,-0.794242,0.521535
0.636466,-0.161619,0.721742,1.057937,0.855927,0.663093
0.06547,-0.307166,-0.888498,0.445018,0.250567,0.382282
-1.17985,-1.335106,-1.128285,0.176809,-0.142008,0.447735
2.829867,1.365707,1.134655,-0.590472,0.696283,0.89631
1.000841,0.748275,1.16971,-0.764821,0.74816,0.66579
2.405166,0.215808,0.984174,-0.228112,0.47398,1.147587
0.956961,0.537236,1.41574,-0.698252,0.212807,0.888283
-0.10507,1.895064,0.836529,-0.762636,0.713775,0.800919
-0.152078,-0.176396,-0.49114,0.687696,-1.555152,-0.614819
-1.084188,1.391561,0.104429,0.731295,-0.634382,-0.443394
-1.644607,-1.049831,-1.031446,0.050477,-0.817678,-0.825533
-0.05895,0.656206,0.154858,1.182828,1.230049,0.519148
-0.252691,-2.045712,-0.098388,0.781408,0.909055,0.8817
0.019126,0.83882,-0.759801,-0.557719,0.526587,1.079226
0.388842,-1.241688,0.400298,-0.582833,-1.27295,-0.853074
1.679525,-0.926953,-0.33815,0.420396,-0.101725,0.896234
2.127742,-0.503199,0.481955,0.589072,-1.039684,-0.650319
-1.154571,1.044358,-0.346048,-0.670357,1.035938,0.244966
0.153712,0.569522,-0.451786,0.253763,-0.736922,-0.390112
0.381955,2.281575,0.65617,-0.983154,0.860385,0.421609
2.303333,0.619643,0.262066,-0.545886,0.277609,-0.841259
0.292831,-0.326094,-0.522432,1.05242,0.248633,0.599155
-1.336535,-2.248672,0.261154,0.414567,0.147168,0.860421
0.848514,0.064718,0.306845,0.340903,0.273172,-0.360515
-0.247611,-0.683154,-0.253443,-0.572099,-1.330963,0.658898
-0.532314,1.978177,-0.003763,1.070763,-0.367172,0.632871
2.222874,-0.060146,0.568194,-0.280111,-1.445362,-0.899743
-0.285116,0.167156,0.452403,0.046008,-0.053591,-0.687116
-0.300291,1.664134,0.835161,-0.962742,0.43593,-0.112983
-0.491344,1.884117,0.105481,-1.311886,-0.191936,-0.05898
-0.831536,-0.352406,-0.671721,0.645043,0.968403,0.405327
-0.21092,0.266678,0.623556,-0.294908,1.311275,1.275555
-0.338561,0.094599,-0.891562,0.773392,-0.377308,-0.734436
-0.29478,1.324172,0.061412,-0.886627,0.73579,0.887513
1.521312,-1.615077,1.033467,-0.213735,0.580269,0.925712
0.105418,-0.670525,0.043057,-0.313426,-0.013882,-0.95833
-1.66328,0.194672,-0.735626,-0.669568,-0.957919,-0.754288
-0.878631,-1.188145,-0.439255,-1.140243,-1.045561,-0.624973
0.279685,1.218599,0.806418,-0.420315,-0.074787,-0.076213
1.217861,0.907481,0.700242,0.142306,-0.470961,-0.276002
-0.052754,-0.301194,-0.439087,-1.008486,-0.444257,-1.585314
-2.132207,-1.304387,-0.829907,0.355903,-0.430125,-0.912368
-0.484007,0.421256,0.922377,-0.686265,1.079645,0.667567
-0.178772,-1.632272,-0.828303,0.0741,-0.25387,0.24062
0.573103,0.850733,1.254064,-0.760107,1.043207,-0.141246
-2.840108,0.501343,-0.429525,0.288096,-0.75783,-0.542995
0.057974,0.154442,0.314805,-0.073492,0.374859,0.4163
0.271174,-0.912937,-1.096122,0.03118,0.635222,0.650297
0.340392,0.141887,0.03162,0.062133,1.200685,0.595834
0.399623,-0.237099,0.034529,-0.118668,-1.124065,-0.338819
-1.198543,-1.100796,-1.025475,0.766914,-0.69013,0.124998
1.68653,0.664269,0.250188,0.056914,0.694215,0.649292
0.298196,1.336075,-0.076469,1.80432,-1.000136,-0.654851
-1.934407,0.252762,-1.444317,0.874056,-0.328845,0.505027
0.537876,0.498515,-0.158714,0.861091,0.269527,0.513907
2.173999,1.075631,0.752074,-0.949633,0.55589,0.763189
0.813397,-0.664743,-0.560856,0.773423,-0.001857,-0.855446
-0.141073,-1.306377,-0.508787,0.747081,-1.58904,-0.446961
0.346833,0.714731,0.720559,1.093822,0.9287,0.5837
-1.390371,1.205424,0.563944,1.158684,-0.236419,1.057386
-0.062766,-0.17268,-1.062483,-0.72931,-0.609808,-1.232629
-0.081148,0.310384,-1.232437,1.095046,0.087652,1.596941
-0.082451,0.341298,0.878618,-1.379177,0.259404,-0.551511
0.258098,-1.484323,-1.236202,0.700869,0.656249,1.094427
1.497817,1.649023,1.262006,-1.282906,0.087608,-1.14558
2.547487,0.656816,0.901142,-0.227863,-1.218471,0.448571
-0.498753,-0.61589,-0.880623,1.023473,-1.627872,-1.46181
-0.041714,1.327245,0.717859,-0.56214,1.629427,1.287969
-0.759512,0.826525,-0.771076,0.115201,-0.232127,-0.137824
0.412921,-0.102848,0.289749,0.545178,0.371658,0.694885
-1.566713,0.674849,0.105097,1.65639,0.199904,0.165105
0.680477,2.296888,0.999581,-0.326706,0.645641,-0.675335
-0.273646,-1.561481,-1.186318,0.453324,-1.305992,-0.524053
1.906223,0.775034,1.14404,-0.857158,-0.101046,-1.011427
0.010048,-1.905968,0.174796,0.080415,0.143839,0.975881
3.172673,0.371202,1.190241,-1.034865,0.647014,-0.835572
-0.391687,0.530215,0.636889,-0.751298,-0.295552,0.089397
0.188937,0.498623,-0.142349,0.025263,1.190641,0.887746
-1.324276,0.718213,0.309333,0.577044,-0.459671,-0.827518
0.893051,0.804219,1.089956,-0.026661,1.090226,0.01129
0.378687,0.301338,0.006243,-0.563663,-0.581088,-1.065703
1.338237,0.77371,-0.061003,0.463038,0.702319,0.780887
-0.547969,-0.638812,0.560232,-0.612756,-0.785124,-0.746536
-0.971205,-0.528067,-0.944424,0.893472,1.15784,-3.8e-05
-1.272444,-0.480459,-1.199333,1.056891,-0.701999,0.235622
0.670291,1.961832,0.573366,0.255346,-0.90283,-0.632042
-0.279886,-0.266228,-0.470595,1.05062,-0.415254,1.248796
0.021257,-1.37077,-1.35759,1.160488,-0.185439,0.548763
0.758124,0.016152,0.320602,-1.210414,0.60152,0.436259
-1.132707,-1.306054,-1.168302,0.993143,-0.866957,-0.41096
-1.466217,-0.893974,-1.325282,0.114187,-0.609697,-0.242159
0.42571,0.104103,0.259509,-0.975535,-0.018148,-0.025428
-0.806659,-0.069999,1.077577,0.464369,0.431697,0.685599
0.822497,-1.504806,-1.205997,0.607174,0.056964,0.05769
-0.735007,0.269591,0.682516,-0.687295,0.832846,0.50887
1.184794,-0.535815,0.987618,0.688336,0.057542,0.203607
0.681998,-0.036362,-0.412414,-0.434184,-0.247557,-0.659765
-1.165139,-0.14931,0.008265,-0.012848,-0.375159,-0.715662
-0.479795,0.207006,-1.384365,0.748824,-1.338773,-0.377182
1.123741,-1.986936,0.318683,-0.411998,-0.387721,-0.39599
0.810025,-0.070472,-0.853644,0.138304,-0.413412,-0.835238
1.840965,0.189162,0.353198,0.743617,-0.464682,-0.181936
-0.08112,-1.56715,0.318178,0.555903,0.764414,2.106568
-1.685686,2.949405,0.082878,0.261425,-1.021484,-0.635275
-0.229012,-0.151509,0.850106,-0.009066,-0.043047,0.711943
-0.736513,1.297185,-1.345567,0.21756,-0.497678,-0.629089
-0.219127,0.277883,0.690612,-1.210943,-0.929158,-0.754829
2.192822,-0.50581,0.701144,1.055905,-0.411851,0.381506
-1.377656,-0.993362,-0.682978,-0.964402,-0.123327,-0.556498
-0.884104,-1.945005,-0.77958,0.111054,-0.594742,-0.925253
-0.238732,0.684656,0.265035,-0.049697,0.647083,-0.764737
-1.885858,0.938487,-0.864848,0.529083,-0.096469,-0.378679
0.516886,0.131058,0.536686,-0.700773,0.434443,-0.150836
-0.630683,-0.142525,-1.024246,-0.99801,0.729074,-0.237451
0.318717,-0.312583,-0.072572,-0.0224,1.084404,0.652554
0.606648,0.015282,-0.665361,0.67708,-0.233953,-0.151586
1.350167,-0.020067,0.241852,-0.495688,0.979667,0.005058
-0.050802,0.279214,-0.951154,1.051331,-0.748195,0.031227
-0.073264,0.295075,0.178581,0.957813,-0.565994,-0.055863
-1.407234,-1.503183,-0.658951,0.167969,1.137821,0.702423
-0.387723,-0.342966,-0.177452,-0.849219,0.396473,-1.442921
-0.535194,-0.309102,-0.349733,-0.525887,0.148231,0.867289
-0.871854,-1.171258,-0.937475,-0.548751,-1.248697,-0.901451
-0.013053,-0.477126,-0.362862,-0.850239,0.094091,0.76534
1.368382,0.479357,0.106336,0.460209,0.167394,0.100466
-0.047646,-0.833316,1.066869,-0.817127,0.948603,0.493055
1.562959,-0.819106,0.793861,1.998803,0.144298,0.369736
0.153765,-0.881139,-0.479128,0.462824,0.156916,-0.454508
1.314174,-1.015606,-0.124469,-0.858389,1.507971,-0.444575
1.861759,-1.081476,1.252,0.358178,-0.028029,0.884848
0.57164,-0.647698,-1.395067,0.694817,-1.206816,-1.041686
1.741358,0.219174,0.737589,-1.151517,0.121276,-1.416189
-0.784106,-0.055938,0.377917,-0.419428,0.287954,0.830901
-0.051709,0.187486,0.924536,1.174835,1.111459,1.147384
-0.595649,0.700007,0.950199,-0.441511,0.807111,0.984519
-2.997796,-1.548719,-0.763107,0.077774,-1.100024,-0.488612
-0.936743,0.080907,0.653505,0.774703,0.353612,0.636437
-1.189628,1.314901,0.520938,-0.472154,-0.836206,-0.833204
0.526612,1.753238,1.292889,0.050172,-0.824688,-0.310172
-1.23228,-0.001638,-0.110188,-0.038031,-0.62109,-0.749415
1.013103,0.13753,0.31866,-0.626152,-0.865287,-0.119725
0.100705,-1.396758,-0.949076,0.418688,-1.167507,-0.897675
0.403731,0.92986,0.969917,-1.340748,-0.162334,-0.563477
0.021276,0.642444,1.583089,-0.856355,1.068552,-0.597714
-0.259874,2.845474,1.073889,-0.788235,1.30615,0.110819
-0.315922,0.385177,-0.988462,-1.415183,0.44607,-1.813076
-1.839321,-0.116138,-0.699622,0.576545,0.060474,0.63533
0.395579,0.177346,0.775365,-1.217225,-0.933245,-0.70279
-1.882539,-0.962216,-1.320726,0.243372,-0.690583,-0.122811
0.933426,0.007255,-0.678856,1.147708,0.875365,1.355277
0.82276,-0.69618,-0.888033,0.501185,-0.768838,0.977288
-0.284463,-0.630947,0.106977,-0.69447,0.015659,-0.294499
-0.088075,0.378225,0.144709,0.070894,-0.70794,-0.792459
0.218868,-0.121852,-0.677292,0.025654,0.126025,0.641139
-0.663757,-0.2542,0.902107,-0.12156,0.424717,0.205865
0.71949,-1.671801,-0.636474,-0.858762,-1.1435,-0.95253
1.021394,1.654178,1.129421,-0.962607,0.602267,0.290276
-0.284941,0.488775,0.756802,-0.721694,0.402411,-0.561113
0.10307,-0.08589,-0.827174,0.593858,0.84237,1.101936
-0.165909,-0.567843,-0.939334,0.840795,-0.71038,-0.856088
1.517121,-0.791808,1.087334,-0.137954,-0.168794,0.241905
-0.323671,0.704355,1.293197,0.126217,-0.282995,-0.009597
-0.644375,0.481089,-0.407979,-0.818129,-1.078257,-0.593048
-1.678704,0.518907,0.11571,0.081946,-0.870517,-0.522383
2.508589,0.850656,0.807882,-0.570071,0.537792,-1.575156
-0.921544,0.901447,0.924028,-0.281615,0.078036,-0.727657
0.087337,-0.86277,0.011764,-0.67242,0.189606,0.721679
0.210054,0.59401,0.816539,-0.825673,0.057701,0.290559
-0.117271,0.254828,0.578266,-0.776342,1.07857,-0.037779
-0.601485,0.06583,0.068795,0.224781,0.281588,0.441672
-0.04448,-2.19766,-0.680752,0.975646,1.044043,0.736079
-0.512314,-0.433335,0.181676,0.493906,-0.437102,-0.34749
-1.398465,0.166051,0.760173,-0.039167,0.222262,0.987856
-0.467671,0.897922,1.199173,-1.103954,0.314226,0.069378
-0.268943,0.939521,0.300073,-1.100773,-0.439033,-0.448713
0.235348,0.287077,0.773722,-0.312403,0.588655,0.299672
1.240175,1.493515,0.428794,0.600426,0.773408,0.289994
1.036323,-1.129069,-0.747449,-0.535029,-0.991921,-0.944435
1.015259,0.892339,0.759593,0.475409,0.192048,-0.258452
0.783786,0.50617,-0.350627,0.025176,0.309063,0.702507
1.053995,-1.146538,0.564442,-0.181074,-1.240177,-0.335959
-0.67601,0.656203,0.370669,-1.193779,-0.625312,-0.169273
0.93972,0.453879,-1.125593,-0.516613,-0.773121,0.339203
-1.313455,-1.28982,-0.796351,0.749846,-0.266207,-1.378261
0.189658,0.050272,0.180313,-0.031457,-0.329116,-0.244754
-0.662152,-1.939259,-1.195446,0.10248,-1.211359,-0.083656
-0.321397,-0.486122,-0.50761,0.37723,0.055407,0.679406
-0.755586,-0.563295,0.803716,-0.961493,0.929659,-0.103113
-0.777666,-0.826813,-0.770003,0.309935,0.549166,0.355362
0.861831,0.266411,1.233772,0.506884,-1.079559,-0.308964
-0.385272,1.275714,0.647799,0.391452,0.760095,0.971489
0.38942,0.547629,-0.017134,0.885736,0.5607,0.860868
